3.8470778	8.937322	-1.1460387	-2.92468	-3.5467334	-3.0505602	-1.9454402	-0.6772877	-0.7691347	-1.0670532	-7.5197797	-7.601655	-7.454525	-2.109186	0.24948752	1.0679393	-7.355604	-7.5549164	-7.5861344	-7.1462255	-7.2070203	-1.9723442	-7.6074977	-7.407457	-7.446006	-7.5146956	-7.248511	-7.253065	-7.36712	-7.296177	-7.3044486	-7.4512715	-7.289239	-7.395407	-7.363603	-7.377241	-7.442832	-7.496656	-7.287309	-7.207801	-1.2386451	-2.0250835	-7.7466083	-7.514339	-7.199294	-7.4083886	-7.7752275
0.17410257	9.119661	-0.92593193	-2.621384	-2.6927137	-2.870427	-1.7524196	-1.6055228	-1.2168006	-0.3275131	-6.1085105	-6.513314	-5.9285955	-2.085646	2.9980187	0.5280573	-5.9293733	-6.260856	-6.1895	-5.893511	-5.8497744	-1.7858671	-6.17972	-6.2950926	-6.136657	-6.273444	-5.8300705	-5.88861	-6.230724	-5.959234	-6.1396923	-6.1054053	-5.951232	-6.0514965	-5.884814	-6.0981884	-6.2436695	-6.196853	-5.919657	-5.956298	-1.1219622	-1.5491964	-6.3606977	-6.209442	-5.9084864	-5.9984927	-6.392283
0.49906838	10.062865	-0.49006838	-2.550201	-2.861412	-2.934024	-1.781358	-1.0361197	-0.69362634	-1.144404	-6.0120792	-6.15741	-5.755704	-2.0410726	0.9488869	-0.06568675	-5.8113256	-6.0851226	-6.101466	-5.8800206	-5.8084846	-2.2559617	-5.9932914	-6.1297636	-5.9989066	-6.221898	-5.8568983	-5.793857	-6.0461445	-5.9346232	-5.92049	-6.1112905	-5.9305115	-5.902423	-5.6700687	-5.9239373	-5.937251	-6.127661	-5.86649	-5.892872	-0.71782446	-1.2388424	-6.091308	-5.9858384	-5.850567	-5.929061	-6.3580046
0.9656561	9.973378	-0.5415316	-2.5686834	-3.017735	-2.9414523	-1.7539423	-0.7675801	-0.6981409	-1.1906173	-6.277818	-6.419194	-6.0862875	-2.077285	0.7594258	-0.044209883	-6.074283	-6.3456016	-6.3760076	-6.1078715	-6.0694313	-2.243412	-6.267827	-6.373804	-6.216821	-6.463804	-6.071419	-6.0482726	-6.230693	-6.176206	-6.142114	-6.340886	-6.1719065	-6.1745257	-5.942212	-6.157631	-6.187395	-6.3529344	-6.1236863	-6.118028	-0.8540932	-1.4227451	-6.343214	-6.242078	-6.0627556	-6.192141	-6.606954
-0.05689299	10.136055	-0.7070484	-2.7065468	-2.9988554	-3.0021334	-1.9116842	-0.8717501	-0.43344292	-1.2538826	-6.1650243	-6.3207293	-5.8962955	-2.0505388	0.866114	0.45023683	-5.973931	-6.2591662	-6.2771187	-5.98198	-5.9644737	-2.4148657	-6.142371	-6.299858	-6.1206985	-6.333107	-5.9353743	-5.957079	-6.1967473	-6.071356	-6.0730605	-6.248447	-6.08877	-6.0755906	-5.788897	-6.08285	-6.1087475	-6.2227373	-6.022984	-6.052047	-0.8429629	-1.3352076	-6.264711	-6.112066	-5.975089	-6.0601006	-6.523308
0.35571298	9.904473	-0.47705796	-2.3807552	-2.7719407	-2.7855117	-1.6724354	-0.9239788	-0.9146152	-1.2258009	-5.8817472	-6.050607	-5.5965176	-2.0186195	1.6524125	-0.15182796	-5.644991	-5.9024367	-5.9345245	-5.706997	-5.6474595	-2.2330787	-5.8202267	-6.0057435	-5.835105	-6.039762	-5.689084	-5.6614337	-5.8778596	-5.74231	-5.802866	-5.893778	-5.7709055	-5.770401	-5.5063305	-5.7894926	-5.842169	-5.966572	-5.717373	-5.7339215	-0.8630081	-1.3718559	-5.8833046	-5.855017	-5.654292	-5.7339797	-6.098956
0.083691016	9.870601	-0.55069333	-2.5516598	-2.7851768	-2.8028052	-1.7293056	-1.2041262	-1.0429366	-1.185066	-6.0765867	-6.2786756	-5.817602	-2.1380904	1.954412	0.24486174	-5.8651743	-6.1180325	-6.1887712	-5.860461	-5.797759	-2.1236143	-6.061905	-6.2139754	-6.0036707	-6.245731	-5.8589816	-5.8452415	-6.097739	-5.9555316	-6.0146737	-6.069253	-5.9135623	-5.979817	-5.7103734	-5.9977837	-6.0827484	-6.1451697	-5.8971868	-5.8968663	-0.77370733	-1.2075802	-6.189209	-6.0363307	-5.8640356	-5.9226093	-6.309453
0.11922683	9.819465	-0.5558641	-2.7243974	-2.8097456	-2.9094994	-1.7629296	-1.2429118	-0.9734914	-0.94570553	-6.1621895	-6.251122	-5.8804464	-1.9644251	0.80923754	0.5172508	-5.9126906	-6.1202345	-6.1345363	-5.9245453	-5.7964377	-2.0862052	-6.1023064	-6.2486143	-6.0754867	-6.293558	-5.8765993	-5.8846025	-6.083956	-5.9984283	-6.007552	-6.1823463	-5.9689913	-5.97549	-5.809449	-6.0969715	-6.0914254	-6.114364	-5.9108586	-5.99337	-0.4772326	-0.77268475	-6.2397585	-6.07583	-5.914915	-6.0185847	-6.423525
0.40579355	9.921765	-0.25362393	-2.4337626	-2.7234232	-2.8164527	-1.6989437	-0.84043515	-0.92906624	-1.1330463	-5.8716497	-6.064714	-5.6583366	-2.1032662	1.5494312	-0.5030143	-5.7147074	-6.0052414	-6.034888	-5.7819214	-5.6774507	-2.093027	-5.854898	-6.0156813	-5.8569274	-6.128755	-5.7218018	-5.698482	-5.909374	-5.809914	-5.82964	-5.944858	-5.7350583	-5.779918	-5.537394	-5.811735	-5.8267927	-6.039195	-5.7384467	-5.73844	-0.8179023	-1.2902516	-5.9502163	-5.8563023	-5.7386436	-5.7683306	-6.1989484
1.3118224	9.125284	-0.8320218	-2.7297275	-3.2181134	-2.712194	-1.9244916	-0.07015649	-1.1931438	-1.1891009	-7.1541233	-7.4173436	-7.085579	-2.406695	2.5521433	0.20298506	-7.054347	-7.331246	-7.367163	-6.973077	-7.0028753	-1.8953396	-7.3234	-7.305838	-7.2242155	-7.3542724	-6.939601	-7.0346823	-7.1931753	-7.040835	-7.1802793	-7.171937	-7.069285	-7.18753	-6.942687	-7.0563164	-7.2196803	-7.3310714	-7.0061264	-6.9731016	-1.1347821	-1.8434056	-7.4490747	-7.335656	-6.883357	-7.1924562	-7.516485
-0.00091906823	10.025147	-0.4902558	-2.6907175	-3.034386	-2.8152742	-2.0242438	-0.42067906	0.21493019	-1.3652523	-6.4371023	-6.4687786	-6.1130333	-2.0727592	0.11206933	-0.08611289	-6.1928744	-6.414805	-6.4305067	-6.226089	-6.1384935	-2.5056179	-6.376075	-6.498192	-6.2928467	-6.5531616	-6.093016	-6.212487	-6.378002	-6.3324065	-6.259556	-6.538672	-6.319452	-6.304591	-6.0283556	-6.310334	-6.28061	-6.416273	-6.197838	-6.3118553	-0.60441166	-1.1759088	-6.485016	-6.3127165	-6.133088	-6.293072	-6.805466
1.0811911	9.903861	-0.91090035	-2.9240782	-3.3086379	-3.078709	-1.9257065	-0.74813694	-0.71455216	-1.2448801	-6.792184	-6.999693	-6.616617	-2.1652427	1.1058906	0.7928134	-6.629742	-6.793688	-6.9004416	-6.5301633	-6.552511	-2.3022106	-6.817813	-6.8731546	-6.730028	-6.9552484	-6.5274324	-6.5868425	-6.7286673	-6.6687417	-6.669365	-6.796562	-6.637746	-6.7066545	-6.5329103	-6.7220106	-6.7923594	-6.822413	-6.6026397	-6.6167903	-1.0839124	-1.5548021	-6.9784946	-6.782461	-6.5209	-6.698159	-7.1093473
1.3766093	9.966743	-0.97078466	-3.025831	-3.4937043	-3.167554	-1.9565653	-0.56244093	-0.5679568	-1.3626026	-7.0479455	-7.2044954	-6.912446	-2.121811	0.3810165	1.1387633	-6.9096622	-7.0239453	-7.1263638	-6.8121247	-6.829749	-2.3512874	-7.0689683	-7.0789633	-6.9490633	-7.1949663	-6.7913613	-6.8490105	-6.92504	-6.933225	-6.9130077	-7.0540943	-6.8680525	-6.9535804	-6.7932186	-6.9493732	-7.003731	-7.0358806	-6.8445363	-6.856413	-1.1242491	-1.6006966	-7.2087936	-7.0232735	-6.7759876	-6.9525456	-7.3701253
0.90402675	9.66363	-0.86384714	-2.8353767	-3.0561829	-3.0468297	-1.8462305	-0.90178865	-1.0883241	-1.1613715	-6.4278617	-6.716955	-6.270014	-2.2449822	2.172534	0.77879167	-6.3058743	-6.5485415	-6.630095	-6.1700163	-6.2217574	-2.204946	-6.4780564	-6.5603247	-6.4481845	-6.5851903	-6.273964	-6.2352247	-6.4914465	-6.3329115	-6.399294	-6.4247565	-6.2735314	-6.390948	-6.137947	-6.3073397	-6.506657	-6.572652	-6.2966733	-6.2376523	-1.1585593	-1.7483205	-6.666877	-6.512931	-6.225621	-6.368854	-6.7847786
1.1454372	8.794831	-0.56768584	-2.5481796	-2.9038618	-2.5670848	-1.9184631	-0.1360687	-1.1823866	-1.1802665	-6.752074	-7.023735	-6.703163	-2.3835723	3.160157	-0.39603275	-6.610797	-6.934817	-6.90563	-6.5721526	-6.584807	-1.8411689	-6.893453	-6.9420524	-6.7977214	-6.945708	-6.522649	-6.6562395	-6.8221893	-6.6484866	-6.765333	-6.7213416	-6.638298	-6.759156	-6.572739	-6.6806316	-6.857102	-6.9468994	-6.6067953	-6.6277175	-1.0318133	-1.886502	-7.0201116	-6.9150505	-6.5029736	-6.8078475	-7.0812993
0.18688942	10.122661	-0.66069555	-2.7792456	-3.0865371	-3.004105	-2.0199528	-0.44436577	-0.29844943	-1.2189709	-6.282758	-6.3950167	-6.026844	-2.178323	0.75274956	0.022768898	-6.0979867	-6.3267665	-6.3874927	-6.137018	-6.0468187	-2.4034472	-6.241787	-6.3712306	-6.1905146	-6.4918222	-6.006152	-6.062241	-6.2510667	-6.206161	-6.1660113	-6.3745236	-6.1669636	-6.202221	-5.9069138	-6.231303	-6.206711	-6.364264	-6.0942173	-6.173812	-0.8062912	-1.3206587	-6.412879	-6.2424135	-6.0548897	-6.1984105	-6.60771
0.6391101	9.963138	-0.5223616	-2.694526	-3.000617	-2.878629	-1.9125977	-0.82676905	-0.5741941	-1.3469875	-6.509945	-6.623423	-6.28024	-2.1492517	1.1148988	0.07341017	-6.2833524	-6.5356226	-6.6010566	-6.285864	-6.242416	-2.270063	-6.513595	-6.5697117	-6.426535	-6.7022486	-6.2137423	-6.2553897	-6.4626365	-6.384405	-6.3289714	-6.5272603	-6.3458867	-6.382385	-6.1550503	-6.409976	-6.441982	-6.5812774	-6.30617	-6.370554	-0.7221796	-1.3437529	-6.651719	-6.504203	-6.240303	-6.4279404	-6.831499
0.18126336	9.608659	-0.5757884	-2.6196063	-2.7396429	-2.8988488	-1.7126943	-1.4606785	-1.2536024	-0.8571623	-6.031191	-6.3398294	-5.8524466	-2.0913265	2.2867095	0.33749768	-5.8337607	-6.1146026	-6.128595	-5.825664	-5.7897234	-1.8547494	-6.0885377	-6.2174845	-6.0316978	-6.2480507	-5.846589	-5.852428	-6.0904655	-5.924977	-6.0190606	-6.0604663	-5.9027576	-5.960566	-5.723621	-5.9958	-6.0859866	-6.1060863	-5.857089	-5.872078	-0.8794545	-1.1603097	-6.2153454	-6.047371	-5.865549	-5.9315534	-6.3243575
0.11016004	9.999722	-0.44737586	-2.601937	-2.8597114	-2.9029777	-1.7953922	-1.1388619	-0.731686	-1.0888333	-5.9961624	-6.214683	-5.755829	-2.086018	1.3274456	0.060397826	-5.787067	-6.058206	-6.1183243	-5.837651	-5.7843494	-2.268254	-6.009498	-6.1330657	-5.9466577	-6.2180653	-5.817664	-5.7852225	-6.0195427	-5.8799915	-5.9385033	-6.059746	-5.9038577	-5.918402	-5.6353807	-5.9460816	-5.9601326	-6.0722337	-5.8682137	-5.858049	-0.83643425	-1.2838756	-6.0790052	-5.9572906	-5.803646	-5.915799	-6.3106084
0.1912613	10.085362	-0.5468333	-2.5779123	-2.9054077	-2.97455	-1.9052545	-0.9912381	-0.09162019	-1.0085948	-6.094123	-6.219606	-5.764347	-1.9183109	0.7564335	-0.28005266	-5.893129	-6.1249013	-6.1191983	-5.961863	-5.865256	-2.4870088	-6.026623	-6.160012	-5.991189	-6.26257	-5.87375	-5.8421216	-6.1060815	-6.02354	-5.940144	-6.2152014	-6.0176873	-5.980894	-5.678118	-6.054433	-5.937888	-6.166068	-5.922091	-5.9662995	-0.59671235	-1.2703675	-6.1550937	-5.9986544	-5.8965435	-5.9872756	-6.416818
0.48241758	10.270026	-0.70253795	-2.766574	-3.2082489	-3.1022985	-2.0111418	-0.50688857	-0.0958933	-1.3516437	-6.6050673	-6.7055254	-6.32018	-2.08093	0.50762016	0.21288574	-6.4251447	-6.656687	-6.6508775	-6.4050803	-6.360221	-2.5263553	-6.540477	-6.672628	-6.4996977	-6.762328	-6.380476	-6.3936863	-6.59816	-6.5226417	-6.456434	-6.675923	-6.4799128	-6.4829845	-6.2123194	-6.484659	-6.471321	-6.6426916	-6.3838987	-6.470385	-0.83453655	-1.4755162	-6.6824985	-6.5240536	-6.380512	-6.440537	-6.942259
0.6439797	10.01435	-0.51543075	-2.6322277	-2.9956691	-2.938385	-1.7985197	-1.0015184	-0.30337292	-1.2667261	-6.4832067	-6.5730824	-6.1966953	-1.9713155	0.2865551	0.10086318	-6.2702622	-6.4845634	-6.4988523	-6.24094	-6.192975	-2.3122354	-6.4696226	-6.5182676	-6.3962255	-6.617714	-6.2462983	-6.2093544	-6.451233	-6.376599	-6.2721767	-6.5850153	-6.3445973	-6.314996	-6.1031055	-6.362595	-6.3702865	-6.4728675	-6.2633476	-6.2901626	-0.5341377	-1.1498697	-6.495756	-6.4064255	-6.2674026	-6.330375	-6.810015
0.90089583	9.937449	-0.48692057	-2.661803	-3.0403392	-2.9279552	-1.7970551	-0.9350227	-0.29855868	-1.2161818	-6.679718	-6.7665815	-6.3942194	-2.0333965	0.3783579	0.0073386193	-6.4520054	-6.6526895	-6.7038918	-6.404245	-6.358842	-2.3058422	-6.6764174	-6.686507	-6.576271	-6.8066955	-6.3901267	-6.3870664	-6.608929	-6.5369163	-6.4521537	-6.737807	-6.5061345	-6.483434	-6.304002	-6.566047	-6.576769	-6.6516795	-6.438022	-6.467952	-0.5883601	-1.2424356	-6.7142434	-6.5948715	-6.4202766	-6.521132	-6.9863663
0.24137229	10.228276	-0.76240474	-2.6998286	-3.1644995	-3.0499063	-1.9785469	-0.5326435	-0.01195327	-1.3895102	-6.3856635	-6.5038443	-6.105077	-2.0690348	0.48275876	0.22562228	-6.1909676	-6.4478436	-6.460501	-6.2195687	-6.1955247	-2.5474055	-6.3620954	-6.468844	-6.2512493	-6.5650697	-6.1474953	-6.169739	-6.383415	-6.327227	-6.262585	-6.4822793	-6.3190975	-6.2960873	-5.989508	-6.3107686	-6.2616663	-6.4194765	-6.188659	-6.303445	-0.9156758	-1.4949467	-6.4564366	-6.296079	-6.1462555	-6.266869	-6.713288
0.8950417	9.946012	-0.30085045	-2.492021	-2.8373516	-2.7630165	-1.7263271	-0.88752717	-1.0918479	-1.5109761	-6.4382744	-6.5248404	-6.2124014	-2.0945692	1.3065841	-0.16754934	-6.2394347	-6.4339232	-6.492007	-6.208072	-6.089967	-2.0697691	-6.393488	-6.543551	-6.3451676	-6.6087985	-6.2341723	-6.2041025	-6.416014	-6.3003416	-6.2922173	-6.4145975	-6.227341	-6.3127723	-6.080474	-6.3369956	-6.414825	-6.4669433	-6.180765	-6.236291	-0.47098264	-1.0426321	-6.4839926	-6.363756	-6.190956	-6.283015	-6.6687527
0.32750404	10.06148	-0.51514775	-2.5787437	-2.8637593	-2.8726583	-1.7767777	-1.0186384	-1.1059583	-1.4184543	-6.288503	-6.414704	-6.0341225	-2.0337918	1.3845544	0.31579912	-6.1003356	-6.28614	-6.339894	-6.0924296	-5.9757047	-2.1244843	-6.240739	-6.4208994	-6.1971993	-6.473216	-6.093757	-6.0637107	-6.2676086	-6.178774	-6.187596	-6.3176665	-6.1087174	-6.18409	-5.927779	-6.2121253	-6.278322	-6.3355584	-6.06757	-6.132968	-0.548546	-1.0002075	-6.3597918	-6.1947284	-6.06514	-6.1415563	-6.527931
0.35972786	10.029912	-0.53675646	-2.539221	-2.85007	-2.829644	-1.7639877	-0.95782566	-1.0306455	-1.4454921	-6.200867	-6.297437	-5.9135246	-1.924132	1.1414356	0.113159634	-6.0272875	-6.208006	-6.2287784	-6.0395627	-5.8791184	-2.0897179	-6.1636224	-6.3581724	-6.1164155	-6.3656163	-6.036778	-5.9866147	-6.206249	-6.0964317	-6.079904	-6.2802625	-6.0564294	-6.122173	-5.8215585	-6.055183	-6.167159	-6.197684	-5.9970193	-6.0254226	-0.37044117	-0.9603915	-6.248354	-6.127207	-5.9869556	-6.0455613	-6.4887204
0.6609137	9.822332	-0.11799589	-2.4153788	-2.686197	-2.63558	-1.6862758	-0.95389706	-1.1552197	-1.5851072	-6.1859746	-6.2179537	-5.9521	-2.0851684	1.2024176	-0.313216	-5.952538	-6.1500316	-6.215207	-5.9816456	-5.810281	-1.8968592	-6.139601	-6.2948647	-6.081761	-6.333508	-5.974901	-5.946515	-6.1428943	-6.0154696	-6.009112	-6.1671185	-5.987051	-6.067296	-5.786054	-6.0368237	-6.1554365	-6.1859484	-5.9152045	-5.981111	-0.24385692	-0.8005863	-6.194711	-6.088345	-5.9157734	-6.0319047	-6.414147
0.82018316	9.977353	-0.2352943	-2.532255	-2.8946307	-2.7618873	-1.7466573	-0.82467467	-0.8204244	-1.5929877	-6.4679008	-6.491968	-6.2266903	-2.0774302	0.7638275	-0.14325882	-6.254233	-6.4055333	-6.4665117	-6.2386293	-6.094215	-2.0640886	-6.3922033	-6.5175657	-6.3437014	-6.609052	-6.2503223	-6.223436	-6.396841	-6.309249	-6.2660284	-6.4591627	-6.25776	-6.3213873	-6.0910063	-6.3207684	-6.372974	-6.4297757	-6.1701374	-6.2638426	-0.37005064	-0.898289	-6.4681263	-6.3492746	-6.188671	-6.2978263	-6.700601
1.4253677	9.906151	-0.7327909	-2.760215	-3.2424667	-2.960791	-1.8873488	-0.6699955	-0.9277996	-1.5933149	-7.0280905	-7.149757	-6.7891483	-2.0272691	1.2630124	0.3791055	-6.882034	-7.0213027	-7.046297	-6.7588024	-6.671105	-1.989582	-6.9901834	-7.1016335	-6.9361773	-7.191151	-6.8347125	-6.7843137	-6.966992	-6.891229	-6.8359294	-6.992071	-6.8205104	-6.956997	-6.7195573	-6.918092	-7.0045443	-7.012503	-6.739082	-6.8143454	-0.7160814	-1.25481	-7.123862	-6.990344	-6.742901	-6.848743	-7.288433
0.2972093	9.997309	-0.7749262	-2.7461953	-2.9685256	-2.9918907	-1.8741193	-0.99546117	-0.79699767	-1.1119126	-6.225151	-6.401181	-5.9767933	-2.075694	1.2605703	0.43352568	-6.0443854	-6.316678	-6.3112636	-6.0660706	-5.972668	-2.1655567	-6.236665	-6.3672833	-6.2173753	-6.4421864	-5.9883766	-5.999523	-6.235615	-6.140381	-6.131184	-6.312728	-6.1264343	-6.166019	-5.8752575	-6.166932	-6.203376	-6.282235	-6.054868	-6.0927324	-0.7920902	-1.2489326	-6.370766	-6.2280664	-6.054309	-6.1456337	-6.5741825
1.2037145	9.691566	-0.5937882	-2.6277013	-2.930965	-2.9507904	-1.8551003	-1.0858917	-0.80480975	-0.99639225	-6.3854065	-6.6164927	-6.2421455	-2.1781528	1.8731505	-0.11401833	-6.198054	-6.5239754	-6.5194173	-6.1382127	-6.1459327	-2.1857455	-6.423344	-6.4875617	-6.401502	-6.555846	-6.171298	-6.1716194	-6.423633	-6.275281	-6.2819138	-6.399883	-6.2450385	-6.3088303	-6.1149845	-6.3342643	-6.3643637	-6.5299	-6.2169795	-6.211623	-0.94232994	-1.6148149	-6.6317077	-6.400932	-6.183258	-6.3238435	-6.75759
0.5153349	10.073456	-0.86353755	-2.8942935	-3.2348788	-3.1151817	-1.9063321	-0.6874791	-0.60755295	-1.4359416	-6.472217	-6.564576	-6.2225065	-2.0729067	0.09417108	1.1826205	-6.2039795	-6.430133	-6.4144406	-6.2383676	-6.185673	-2.2681208	-6.367214	-6.499354	-6.327437	-6.6061597	-6.2191176	-6.2397566	-6.3777485	-6.291903	-6.29567	-6.47512	-6.291197	-6.259086	-6.0779166	-6.304904	-6.3898544	-6.4492702	-6.193239	-6.356571	-0.89668304	-1.1879008	-6.4971027	-6.3736873	-6.1669397	-6.3276153	-6.742153
0.37028626	10.19036	-0.6834169	-2.7535944	-3.144138	-3.0842083	-1.933923	-0.6452747	-0.29058206	-1.2450526	-6.356196	-6.430809	-6.0655956	-2.0765066	0.16335748	0.5388528	-6.105692	-6.332628	-6.325313	-6.1424623	-6.073749	-2.4158275	-6.2604723	-6.370547	-6.2180963	-6.5036764	-6.0919356	-6.10569	-6.265026	-6.1799865	-6.1588836	-6.380956	-6.2114697	-6.155506	-5.9455876	-6.212975	-6.2355576	-6.3594913	-6.109988	-6.239997	-0.909714	-1.2953603	-6.3800015	-6.2204437	-6.073372	-6.2041984	-6.669191
0.5770931	10.176552	-0.97009254	-2.8592966	-3.2169955	-3.1183438	-1.9847258	-0.7359085	-0.51255554	-1.3232753	-6.572848	-6.736142	-6.321599	-1.9604172	0.809663	0.6472832	-6.396638	-6.6495733	-6.6286087	-6.4203043	-6.36557	-2.4053428	-6.5499506	-6.6706095	-6.4670763	-6.7550774	-6.3758054	-6.352414	-6.5687237	-6.5031395	-6.4720044	-6.666967	-6.4492707	-6.4558067	-6.2292995	-6.4739733	-6.522316	-6.6201305	-6.369922	-6.4665384	-0.84668267	-1.4050553	-6.660601	-6.523076	-6.3563023	-6.449554	-6.8859515
0.16014373	10.079379	-0.80942625	-2.8276865	-3.1277447	-3.0058875	-1.9840853	-0.81274897	-0.40767	-1.2963423	-6.498087	-6.6504364	-6.2488737	-2.024894	0.7197647	0.7185645	-6.2645974	-6.549517	-6.566235	-6.284471	-6.2343955	-2.3228157	-6.5023727	-6.590345	-6.4401917	-6.678526	-6.191065	-6.2748427	-6.4512615	-6.388422	-6.3735504	-6.5358005	-6.3808913	-6.391552	-6.110787	-6.3949695	-6.430236	-6.525269	-6.3035617	-6.3590364	-0.8289798	-1.3080043	-6.643289	-6.4431057	-6.2640314	-6.3808637	-6.855768
1.2884462	9.47719	-0.8580343	-2.620328	-3.0682244	-2.7793338	-1.9014457	-0.6382609	-1.0254476	-0.92707235	-6.786633	-7.0456343	-6.6389217	-2.275495	1.9864147	-0.011146994	-6.6200905	-6.9308333	-6.930636	-6.527857	-6.4670515	-1.8839936	-6.894771	-6.9295464	-6.772763	-6.9690638	-6.54742	-6.5267096	-6.8344502	-6.6826477	-6.6956487	-6.7281337	-6.604845	-6.7506375	-6.4705877	-6.7065163	-6.874939	-6.9119525	-6.5861754	-6.594303	-1.0100704	-1.5964365	-7.0833864	-6.8231235	-6.5417423	-6.674657	-7.1026287
0.6317413	9.774625	-0.70067644	-2.734535	-3.0323787	-2.8878284	-1.9518727	-0.7606739	-0.8272105	-1.4923829	-6.437889	-6.656756	-6.286381	-2.3020382	2.4094107	0.31746274	-6.243521	-6.569788	-6.610912	-6.2298713	-6.226852	-2.3053505	-6.4748335	-6.5684714	-6.46027	-6.6262856	-6.2193956	-6.248411	-6.4972053	-6.3459005	-6.3662734	-6.407579	-6.3178945	-6.418173	-6.1306496	-6.346679	-6.4545608	-6.572824	-6.2888803	-6.2675505	-0.9926187	-1.6662196	-6.6779423	-6.507569	-6.203001	-6.364203	-6.778941
0.24160218	10.249764	-0.8265474	-2.8357935	-3.217912	-3.0046647	-2.0817144	-0.24948713	-0.27347198	-1.5370282	-6.634978	-6.713955	-6.358755	-2.1612692	0.59210193	0.5034441	-6.447367	-6.6688986	-6.667212	-6.458312	-6.356122	-2.5078535	-6.5423703	-6.726113	-6.5326633	-6.7885375	-6.322964	-6.441298	-6.593777	-6.5262327	-6.4656653	-6.7036977	-6.503255	-6.5398192	-6.227126	-6.5221014	-6.5400443	-6.6324773	-6.400369	-6.512788	-0.78398	-1.3616225	-6.7417283	-6.579799	-6.3558226	-6.4718018	-6.975774
0.56509924	9.907179	-0.74280745	-2.8303587	-3.123435	-2.949806	-1.9924396	-0.6906503	-0.7853182	-1.477474	-6.5819144	-6.7638717	-6.375599	-2.21216	1.9563136	0.48000932	-6.3465724	-6.659025	-6.729956	-6.345514	-6.345823	-2.3339415	-6.596434	-6.691105	-6.572853	-6.75017	-6.3060746	-6.345082	-6.5854025	-6.4526296	-6.4676113	-6.5336905	-6.461503	-6.5108166	-6.223358	-6.447963	-6.5634203	-6.6650834	-6.3854036	-6.4001045	-0.8977466	-1.5630792	-6.7884574	-6.621153	-6.300623	-6.4750514	-6.899935
1.2094823	9.470048	-0.28134242	-2.3679268	-2.8406074	-2.5728967	-1.7640642	-0.80121195	-0.61553365	-1.1182681	-6.696679	-6.813821	-6.5184298	-2.2523189	1.2405118	-0.6867365	-6.4242444	-6.758282	-6.778212	-6.436741	-6.368716	-1.9554617	-6.7591376	-6.7366056	-6.6520734	-6.8432755	-6.3735876	-6.434057	-6.6405773	-6.583538	-6.4956093	-6.6337614	-6.4734745	-6.541749	-6.3628235	-6.61853	-6.6492014	-6.776919	-6.4603753	-6.5317106	-0.56497616	-1.3095977	-6.855566	-6.672735	-6.3947096	-6.6122055	-7.0087895
0.47879317	9.956681	-0.5373002	-2.6525133	-3.0216289	-2.7948534	-2.0489693	-0.17178942	-0.42274907	-1.3010758	-6.3803616	-6.4799814	-6.154172	-2.159688	1.0863879	-0.4273535	-6.206855	-6.403137	-6.4943976	-6.2003355	-6.102871	-2.3734787	-6.3445816	-6.452173	-6.2533827	-6.572199	-6.071264	-6.14561	-6.3304505	-6.2630615	-6.2312045	-6.4057927	-6.209528	-6.283921	-6.0160604	-6.278654	-6.300618	-6.485421	-6.154597	-6.2857604	-0.6507501	-1.3668549	-6.5372233	-6.309231	-6.095172	-6.2598176	-6.731354
1.6290702	9.000446	-0.96947795	-2.6161003	-2.9852731	-2.7407656	-1.9408367	-0.8651971	-0.7967905	-1.1419505	-6.8992968	-7.196169	-6.8470507	-2.4183342	2.978373	0.19804247	-6.8052907	-7.1611924	-7.083894	-6.6675434	-6.686963	-1.6534075	-7.0446754	-6.968678	-6.960204	-7.076441	-6.692796	-6.758133	-7.021595	-6.851453	-6.868179	-6.8172174	-6.6927447	-6.960074	-6.692374	-6.879787	-6.967313	-7.099986	-6.7132773	-6.762767	-1.359897	-1.9799007	-7.2300797	-6.994296	-6.668169	-6.8973083	-7.227055
0.34264004	9.96494	-0.8460687	-2.8008692	-3.0205882	-3.1093092	-1.8968538	-1.0002507	-0.9185525	-1.0317283	-6.180403	-6.4608126	-5.988661	-1.9794475	1.9567553	0.45290816	-6.064506	-6.319843	-6.3316374	-6.028942	-6.000421	-2.2610927	-6.186388	-6.3760376	-6.1606727	-6.4000053	-6.037222	-6.008689	-6.2594414	-6.1171756	-6.174024	-6.272152	-6.090403	-6.123476	-5.8840313	-6.152738	-6.20436	-6.330753	-6.0441074	-6.055536	-1.0574689	-1.5796831	-6.3627214	-6.189699	-6.031316	-6.109921	-6.5150356
0.17667496	9.866127	-0.2837877	-2.6038072	-2.7655199	-2.777906	-1.8994414	-0.7537422	-0.75708306	-1.0840322	-6.020943	-6.133375	-5.798956	-1.9946219	1.2146189	-0.32308918	-5.827542	-6.084206	-6.1348453	-5.8567395	-5.758983	-2.2070253	-5.9695187	-6.1602397	-5.9521317	-6.188243	-5.7781725	-5.8152094	-6.0186977	-5.882244	-5.911935	-6.074969	-5.8701177	-5.938605	-5.6530957	-5.9615526	-5.9433646	-6.133547	-5.8323793	-5.888041	-0.50217575	-1.153246	-6.130333	-5.974074	-5.8237658	-5.9455323	-6.358535
-0.11868468	9.996141	-0.5748802	-2.7936752	-3.019146	-2.8964474	-2.0176325	-0.6964287	-0.45093468	-1.16368	-6.345357	-6.4695864	-6.092928	-1.9723282	1.0701007	0.23671418	-6.1129255	-6.3812623	-6.473809	-6.1709437	-6.1156936	-2.380391	-6.306184	-6.484197	-6.247491	-6.491806	-6.049276	-6.126316	-6.3196626	-6.197502	-6.226069	-6.3949623	-6.227138	-6.257468	-5.9694066	-6.2540126	-6.262688	-6.402977	-6.1576366	-6.225275	-0.6882095	-1.329189	-6.429144	-6.2889833	-6.082285	-6.2370534	-6.6634684
0.19519795	9.856785	0.031697065	-2.2682846	-2.5495486	-2.5848286	-1.6238142	-0.8065831	-0.99746937	-1.367225	-5.6501884	-5.759402	-5.394829	-2.1019392	1.1988565	-0.51408184	-5.3969297	-5.77085	-5.7680817	-5.6004276	-5.417409	-1.9378594	-5.6315355	-5.7895174	-5.5587654	-5.8541856	-5.5281568	-5.5040555	-5.7006106	-5.545644	-5.622639	-5.715843	-5.5178227	-5.565986	-5.2414427	-5.5000606	-5.5920615	-5.809353	-5.503913	-5.5163474	-0.5483459	-1.0216085	-5.691551	-5.563265	-5.5090094	-5.532119	-5.922425
-0.08698861	9.8386965	0.09167537	-2.2346988	-2.4446647	-2.48384	-1.5692514	-0.76667047	-1.1981882	-1.5057739	-5.4393554	-5.546556	-5.1945486	-2.048089	1.6302515	-0.45363215	-5.1921	-5.5519185	-5.594452	-5.3993025	-5.2652955	-2.0649743	-5.399459	-5.5898376	-5.3326535	-5.6242666	-5.3229165	-5.3018494	-5.5010715	-5.3178544	-5.449574	-5.5084825	-5.3315372	-5.3977876	-5.052463	-5.3262887	-5.429678	-5.6084456	-5.3404965	-5.342417	-0.5845088	-1.1078585	-5.4866433	-5.3779993	-5.2989683	-5.377685	-5.7072177
0.2417825	9.835772	-0.26977327	-2.4478905	-2.7105439	-2.6756823	-1.6382459	-1.1004338	-1.1054219	-1.5583612	-5.8441076	-5.956649	-5.665082	-2.1479297	1.6137234	0.4460356	-5.6462564	-5.8727984	-6.019425	-5.658338	-5.650759	-2.0940082	-5.8476744	-5.9519024	-5.754762	-5.9846063	-5.694347	-5.6415133	-5.7912064	-5.713908	-5.773922	-5.8535066	-5.7024016	-5.7922926	-5.4695354	-5.7095275	-5.84923	-6.004019	-5.7391768	-5.710755	-0.91051745	-1.3235124	-5.9028893	-5.828378	-5.596262	-5.7604146	-6.126873
-0.008123297	9.912145	-0.5519186	-2.5204008	-2.7735152	-2.9095948	-1.6962155	-1.1437733	-1.0256971	-0.9357704	-5.876423	-6.077984	-5.587408	-1.9323562	1.3998225	0.12424385	-5.655867	-5.9246554	-5.9636264	-5.724193	-5.652254	-2.0348248	-5.8668118	-6.0273633	-5.8285975	-6.082282	-5.695905	-5.68345	-5.876895	-5.8166337	-5.8206654	-5.9487505	-5.7459316	-5.7829022	-5.505666	-5.747624	-5.8481107	-5.979857	-5.724271	-5.7139726	-0.73925745	-1.1703937	-5.9298415	-5.8362713	-5.7184544	-5.7411995	-6.155139
-0.081717834	9.480361	-0.32706508	-2.1835802	-2.4656763	-2.572975	-1.632727	-0.9346415	-1.2818964	-1.3615165	-5.6187725	-5.8640685	-5.3648157	-2.0345008	3.2921793	-0.5015331	-5.3706493	-5.806897	-5.776316	-5.4885874	-5.4930906	-2.168713	-5.627253	-5.7636347	-5.594809	-5.8281064	-5.479189	-5.438851	-5.7257576	-5.56576	-5.628373	-5.6476984	-5.52348	-5.554288	-5.2572165	-5.508096	-5.6568933	-5.7525396	-5.534696	-5.4341583	-0.8573155	-1.6239946	-5.708053	-5.673253	-5.4453354	-5.5014734	-5.8383384
0.45648718	10.1138115	-0.68865705	-2.6845284	-3.0309074	-3.0334082	-1.8879963	-0.8017953	-0.435243	-1.1689234	-6.175896	-6.300439	-5.9016047	-1.9816673	0.7551476	-0.009841682	-5.9988813	-6.2216725	-6.2375607	-6.0510063	-5.9418883	-2.324115	-6.1384706	-6.285394	-6.1041307	-6.383235	-5.9667664	-5.936037	-6.212042	-6.078023	-6.065867	-6.2854733	-6.073534	-6.080114	-5.81174	-6.0789313	-6.0544	-6.2527733	-6.002845	-6.037598	-0.7201678	-1.3124495	-6.2456408	-6.1016774	-5.9746103	-6.0717893	-6.5011487
0.5196639	10.120035	-0.685716	-2.6850665	-3.048545	-3.061875	-1.8861418	-0.78606814	-0.41933998	-1.1409657	-6.1880655	-6.31909	-5.921151	-1.9932245	0.72660345	-0.0050702556	-6.0162363	-6.245089	-6.252399	-6.0589705	-5.962972	-2.3313475	-6.1574473	-6.296471	-6.124509	-6.3980484	-5.992301	-5.9522696	-6.2202682	-6.1012816	-6.078486	-6.296711	-6.0882335	-6.09441	-5.8273554	-6.097044	-6.0761824	-6.274969	-6.0178742	-6.056077	-0.7807435	-1.3602475	-6.2635446	-6.1216116	-5.9977884	-6.0887723	-6.522959
1.4084047	9.663349	-0.5875628	-2.7132945	-3.0583866	-2.8365104	-1.9267893	-0.77919596	-1.051693	-1.5915701	-6.7821383	-6.961624	-6.666872	-2.3428574	2.0810902	0.33795345	-6.6098943	-6.8562226	-6.932798	-6.570172	-6.5188837	-2.0498087	-6.8277407	-6.9091625	-6.7254686	-7.002633	-6.5855703	-6.5883827	-6.773421	-6.677362	-6.676929	-6.7561874	-6.6008925	-6.74706	-6.431819	-6.7038217	-6.774839	-6.8725533	-6.604021	-6.539067	-0.93297976	-1.5328413	-6.9873576	-6.813997	-6.5556784	-6.6761513	-7.0781374
-0.20437673	9.133244	-0.38897705	-2.5789587	-3.1617172	-2.5515313	-2.2946312	-0.2488583	2.223087	-1.1620023	-7.045019	-7.006014	-6.657612	-2.2827137	0.22001743	-0.6385705	-6.6861124	-6.9325256	-6.9354925	-6.751168	-6.716142	-2.7554266	-6.9231586	-6.911664	-6.805569	-7.0307264	-6.5168376	-6.7290664	-6.8169203	-6.907632	-6.764614	-6.9178715	-6.9131145	-6.836417	-6.632243	-6.9473	-6.643502	-7.0217724	-6.7677493	-6.8780174	-0.8834723	-1.4114379	-7.1440663	-6.8094826	-6.6461964	-6.828934	-7.286279
0.43721262	10.208434	-0.7069638	-2.7853105	-3.1744068	-3.1141903	-1.9283491	-0.7704081	-0.36561355	-1.298865	-6.576381	-6.679715	-6.303525	-1.9836813	0.2672448	0.5845381	-6.3474865	-6.5886855	-6.5944653	-6.3753276	-6.3381534	-2.3664372	-6.5643525	-6.651579	-6.4696636	-6.739943	-6.348338	-6.3632226	-6.5263777	-6.478424	-6.4088206	-6.641475	-6.443858	-6.4307694	-6.177664	-6.441341	-6.464091	-6.568925	-6.357056	-6.437087	-0.7769007	-1.2993193	-6.6129007	-6.484643	-6.3540707	-6.4582973	-6.89151
0.40296432	10.083746	-0.6730654	-2.6750357	-2.987082	-3.0077422	-1.897502	-0.8732688	-0.565868	-1.1598297	-6.227088	-6.3911695	-5.9840555	-2.0542712	1.233123	-0.023042204	-6.0742593	-6.2936254	-6.34075	-6.081447	-6.0096207	-2.3444695	-6.2271137	-6.343654	-6.1743674	-6.4640646	-6.0016956	-6.019143	-6.2511873	-6.1421475	-6.1302724	-6.343469	-6.1198273	-6.1302004	-5.888206	-6.180612	-6.1677403	-6.327965	-6.0500097	-6.1299357	-0.80700487	-1.3658231	-6.346244	-6.2078724	-6.0510263	-6.1481056	-6.5692177
0.37333062	9.939693	-0.5893339	-2.6462665	-2.9801235	-2.9391377	-1.8976933	-0.94584507	-0.48265347	-1.0708647	-6.3143535	-6.4317446	-6.0748367	-2.0548499	0.92529714	0.15281904	-6.07101	-6.348888	-6.383249	-6.0855436	-6.0501647	-2.2926443	-6.322402	-6.366581	-6.2453055	-6.4903116	-6.00409	-6.0701895	-6.2279387	-6.1690187	-6.1608696	-6.3111453	-6.1612754	-6.1638412	-5.92853	-6.1881423	-6.215988	-6.384663	-6.0932593	-6.1971426	-0.8324957	-1.4121715	-6.448401	-6.249876	-6.0531597	-6.1905074	-6.6530385
0.31585798	10.110205	-0.7392389	-2.6601844	-3.0374577	-3.008633	-1.9693078	-0.76743346	-0.39960405	-1.061788	-6.421429	-6.5816255	-6.09591	-2.043587	0.8921489	0.00041992078	-6.216891	-6.4390335	-6.458465	-6.268523	-6.160925	-2.3505518	-6.3462334	-6.501165	-6.30706	-6.5843496	-6.1590886	-6.1791687	-6.406995	-6.3147097	-6.2656274	-6.5071335	-6.3007693	-6.2905455	-6.0290594	-6.351362	-6.3149395	-6.4767075	-6.238476	-6.2911434	-0.6472225	-1.2602663	-6.4940386	-6.335528	-6.180064	-6.270526	-6.7358747
0.6989969	10.057359	-0.65113384	-2.7188308	-3.045654	-3.0569403	-1.8445076	-0.9639055	-0.52340573	-1.1203518	-6.34143	-6.504253	-6.126255	-2.1511621	0.8658786	0.22999845	-6.1693416	-6.412414	-6.4261413	-6.1342487	-6.111174	-2.36275	-6.3408966	-6.428895	-6.275551	-6.5032115	-6.1242013	-6.1187143	-6.3299313	-6.262741	-6.2360177	-6.3825955	-6.201628	-6.2075024	-5.991933	-6.293451	-6.2952566	-6.4086804	-6.1470933	-6.219672	-0.9512113	-1.4237	-6.4261684	-6.2794385	-6.150552	-6.2470574	-6.6422668
1.0912406	9.79511	-0.395483	-2.5811293	-2.9263022	-2.878518	-1.8159431	-0.878056	-0.6985487	-1.1429714	-6.2774663	-6.4965405	-6.122983	-2.3055775	1.6639622	-0.32804453	-6.0965757	-6.4380865	-6.4466953	-6.082156	-6.036676	-2.2070494	-6.308138	-6.3837676	-6.254613	-6.5091047	-6.1293364	-6.083529	-6.3131	-6.2080383	-6.1971736	-6.2826424	-6.1213293	-6.2269826	-5.965141	-6.22	-6.2653923	-6.445458	-6.147263	-6.1127872	-0.99671227	-1.6235869	-6.5039573	-6.2800097	-6.097728	-6.214482	-6.609872
0.2859578	9.975897	-0.33508214	-2.5558662	-2.886849	-2.8171124	-1.9473287	-0.598578	-0.4690263	-1.1784675	-6.1459975	-6.27117	-5.9456778	-2.1828704	1.2480317	-0.57946604	-5.937176	-6.236624	-6.2671185	-5.9895196	-5.905528	-2.266528	-6.1229873	-6.254209	-6.0662494	-6.357683	-5.923402	-5.964493	-6.181223	-6.0510826	-6.0739074	-6.2198033	-6.0004025	-6.038839	-5.7645717	-6.0579276	-6.0400305	-6.281165	-5.9699116	-6.014543	-0.7003575	-1.3087485	-6.287056	-6.104589	-5.945546	-6.0264707	-6.490002
0.30055007	9.818137	-0.54824257	-2.6245399	-2.8857687	-2.8089454	-1.9495287	-0.78197986	-0.7658408	-1.0200095	-6.2774367	-6.4636674	-6.084503	-2.0607536	1.8269956	-0.49279594	-6.0659695	-6.3512163	-6.374676	-6.0912127	-6.028842	-2.0759118	-6.272176	-6.4011307	-6.24478	-6.4887185	-6.032238	-6.0487986	-6.3669887	-6.1500945	-6.220209	-6.337102	-6.139185	-6.1919374	-5.910588	-6.201458	-6.216549	-6.397215	-6.08479	-6.129064	-0.6375911	-1.2711195	-6.4300466	-6.265837	-6.0758467	-6.1230965	-6.6204114
0.2350658	9.963302	-0.47472677	-2.6229715	-2.913136	-2.8547413	-1.9731065	-0.647659	-0.5267755	-1.1684955	-6.1676292	-6.284451	-5.928131	-2.0707254	1.2222669	-0.44236198	-5.9644947	-6.229888	-6.2776866	-5.994116	-5.916946	-2.2274635	-6.138594	-6.280838	-6.0988197	-6.3766794	-5.924091	-5.9436584	-6.2101846	-6.0462103	-6.069756	-6.257823	-6.0491858	-6.086204	-5.7784805	-6.063378	-6.0657973	-6.276741	-5.984551	-6.02849	-0.5709428	-1.2293829	-6.2856455	-6.1312237	-5.9507723	-6.0369716	-6.531938
0.18789573	10.025743	-0.5758761	-2.6373196	-2.9250553	-2.9177315	-1.9078058	-0.74076426	-0.47267342	-1.0965675	-6.082353	-6.243977	-5.8140545	-2.0981956	1.1996222	-0.24854936	-5.883934	-6.1382604	-6.182236	-5.9184375	-5.8417563	-2.3304088	-6.046866	-6.1724243	-6.01632	-6.3071117	-5.8177476	-5.847183	-6.0710588	-5.9981174	-5.973704	-6.1614127	-5.9586067	-5.975577	-5.730768	-6.0271964	-6.0131106	-6.185806	-5.896542	-5.9799004	-0.8105758	-1.3109908	-6.1988683	-6.037399	-5.8768616	-5.971003	-6.4136567
0.3496821	9.855574	-0.38999325	-2.5432909	-2.9359157	-2.7378757	-1.794117	-0.5132733	-0.69098455	-0.9026748	-6.3673944	-6.4726653	-6.112649	-2.1940117	0.80111206	-0.33916187	-6.10052	-6.422914	-6.4462953	-6.1739717	-6.138547	-2.1954129	-6.4079776	-6.432138	-6.338269	-6.5053883	-6.081226	-6.1475616	-6.2782288	-6.262128	-6.2235928	-6.394044	-6.224696	-6.22389	-5.9942164	-6.2635655	-6.2769165	-6.429554	-6.156914	-6.2762876	-0.739146	-1.227287	-6.428422	-6.3365784	-6.0934362	-6.256622	-6.709101
0.30555516	10.078629	-0.67250866	-2.6728604	-3.078343	-2.9728284	-1.9201993	-0.7891477	-0.10672335	-1.0538032	-6.551029	-6.653901	-6.2461596	-2.0065267	0.398058	-0.00041461876	-6.335243	-6.5874324	-6.5762496	-6.345831	-6.2811894	-2.364766	-6.53829	-6.60785	-6.4290614	-6.7083063	-6.26055	-6.296034	-6.5042095	-6.461225	-6.388107	-6.6320057	-6.4112463	-6.3923535	-6.155216	-6.468592	-6.40496	-6.564029	-6.301304	-6.419189	-0.7283802	-1.2874408	-6.627238	-6.4383326	-6.3104506	-6.400558	-6.8733325
0.34799662	10.173497	-0.6339486	-2.648063	-3.0274305	-3.021855	-1.8666277	-0.78646094	-0.43717018	-1.1527039	-6.2065206	-6.331811	-5.9339275	-1.9967757	0.6226295	0.07676922	-6.004033	-6.254312	-6.2529607	-6.060275	-5.976417	-2.343921	-6.1451015	-6.309039	-6.1127105	-6.394976	-6.0035863	-5.989256	-6.2024016	-6.1252317	-6.088872	-6.2933774	-6.095176	-6.0792747	-5.818831	-6.1072946	-6.099221	-6.261785	-6.0183587	-6.0641117	-0.79388213	-1.3160094	-6.2274804	-6.123581	-6.00255	-6.0902176	-6.5111947
-0.08069557	10.198821	-0.803003	-2.7754467	-3.131836	-2.995732	-2.1232145	-0.28295276	0.15449487	-1.4969451	-6.408844	-6.4517198	-6.063225	-2.0527651	0.3242341	0.26501083	-6.2075233	-6.4650397	-6.442991	-6.2194953	-6.165447	-2.5469515	-6.3155646	-6.4684753	-6.267397	-6.5386415	-6.118281	-6.17445	-6.3989015	-6.3178797	-6.2532277	-6.513118	-6.320491	-6.3204274	-5.981081	-6.30989	-6.2753334	-6.4321523	-6.1867275	-6.2934213	-0.621719	-1.2713903	-6.505827	-6.307082	-6.1652803	-6.245873	-6.7340956
0.38768584	9.814722	-0.69508237	-2.734979	-2.966233	-3.006088	-1.8928045	-0.97301024	-0.6892575	-0.87596005	-6.1956816	-6.5159283	-6.0651274	-2.1421916	2.0135837	-0.046711072	-6.063732	-6.3902345	-6.4218163	-6.0567956	-6.032292	-2.2156	-6.23579	-6.3869243	-6.2240233	-6.457435	-6.042785	-6.061548	-6.323927	-6.1504564	-6.1870246	-6.2861886	-6.0846667	-6.1702657	-5.9602547	-6.200565	-6.2168107	-6.390294	-6.0733914	-6.078793	-0.99813026	-1.6245797	-6.4393344	-6.2549133	-6.0590277	-6.159987	-6.5548434
0.012846276	9.795101	-0.39355716	-2.6166332	-2.6649482	-2.8556054	-1.7257539	-1.4151267	-1.0673459	-1.0443616	-5.8150377	-6.0404143	-5.6256857	-2.0447557	1.9260817	0.15496664	-5.6333942	-5.9048676	-5.9613476	-5.647668	-5.5862317	-1.9857574	-5.8155236	-6.0075846	-5.838112	-6.0401525	-5.6566014	-5.6228848	-5.9021263	-5.734347	-5.76986	-5.8947625	-5.702742	-5.730517	-5.4873295	-5.7761574	-5.8105907	-5.950117	-5.6499286	-5.6791143	-0.71978974	-1.0711825	-5.936369	-5.8274755	-5.674794	-5.733196	-6.1362715
0.3240104	9.941544	-0.36517784	-2.626377	-2.9292045	-2.7997952	-1.8918852	-0.72202367	-0.4196309	-1.2759657	-6.515977	-6.5491867	-6.2298346	-2.0293617	0.32990044	-0.08524564	-6.248231	-6.4527917	-6.5012455	-6.277299	-6.171916	-2.2089825	-6.4907517	-6.5231915	-6.4092383	-6.6474	-6.168818	-6.267124	-6.4294415	-6.36315	-6.2979126	-6.54316	-6.3291883	-6.320868	-6.094317	-6.3958087	-6.3596597	-6.5000777	-6.216457	-6.3814015	-0.41916847	-0.9953295	-6.561993	-6.4052367	-6.1997004	-6.380322	-6.8452935
1.5157499	9.874323	-0.6083848	-2.7820425	-3.1567042	-2.9553576	-1.886348	-0.7934095	-0.765536	-1.5655744	-6.785265	-6.902869	-6.651634	-2.2682996	1.1522102	0.5964036	-6.6184096	-6.8382645	-6.8871713	-6.5192676	-6.495524	-2.2920446	-6.7777596	-6.8229246	-6.7065988	-6.9097366	-6.567821	-6.544645	-6.715349	-6.6671286	-6.607697	-6.728753	-6.585616	-6.6829724	-6.4526525	-6.649807	-6.7519913	-6.8450623	-6.581025	-6.5598774	-0.9889368	-1.5998237	-6.9261026	-6.780271	-6.5155754	-6.6726522	-7.056116
0.16180842	9.985052	-0.580843	-2.6267517	-2.90895	-2.936665	-1.8691199	-1.0712417	-0.42056865	-0.81130606	-6.166348	-6.3533306	-5.907711	-2.0432484	1.0108637	-0.10860867	-5.976173	-6.186166	-6.2631283	-6.003188	-5.9557867	-2.3593295	-6.1843605	-6.254746	-6.132	-6.379233	-5.8935294	-5.925018	-6.1686935	-6.079584	-6.0542912	-6.2670927	-6.080185	-6.058721	-5.819338	-6.144712	-6.060286	-6.269378	-5.993992	-6.0850077	-0.80421466	-1.3538244	-6.2348623	-6.111763	-5.9453335	-6.0998955	-6.5129585
-0.21788543	9.680767	-0.5470549	-2.6429117	-2.7848752	-2.7398362	-1.9742402	-0.35278484	-1.0987203	-1.0689658	-5.988057	-6.180135	-5.7726183	-2.1638958	2.5050535	-0.35784355	-5.8236914	-6.0804667	-6.1772285	-5.8294845	-5.769324	-2.166739	-5.9488034	-6.14717	-5.9365196	-6.195829	-5.713644	-5.768738	-6.052163	-5.8786707	-5.952	-6.011592	-5.8175	-5.9561014	-5.6311297	-5.934035	-5.997606	-6.152014	-5.8132033	-5.8516917	-0.7727047	-1.3877333	-6.16737	-5.9909425	-5.7835293	-5.893698	-6.2280917
0.2098883	10.115128	-0.66237473	-2.5612357	-2.8861203	-2.9683535	-1.7198143	-1.0150548	-0.7471866	-1.350827	-5.920437	-6.078104	-5.6510267	-1.8807307	0.8609222	0.35908765	-5.7259803	-5.967973	-5.974336	-5.7481785	-5.713989	-2.2970662	-5.891113	-6.01941	-5.8993835	-6.084371	-5.7393093	-5.7170205	-5.957018	-5.8540063	-5.839867	-6.031514	-5.8242507	-5.8156457	-5.5930977	-5.845064	-5.88457	-5.9800324	-5.7746058	-5.8120522	-0.73336995	-1.1484346	-5.9731236	-5.878654	-5.7783346	-5.8007736	-6.2534146
0.40234444	9.950456	-0.5947224	-2.7308748	-3.0921695	-2.9140158	-1.9968518	-0.54448384	-0.4979976	-1.2035191	-6.416223	-6.6036434	-6.1836996	-2.2250602	1.5788493	-0.14493276	-6.1954412	-6.466778	-6.5392785	-6.199172	-6.1572747	-2.397798	-6.367753	-6.504188	-6.3334665	-6.6119204	-6.113551	-6.1646657	-6.384061	-6.283361	-6.290829	-6.435261	-6.2811027	-6.3149023	-6.0790243	-6.3547244	-6.3692336	-6.5247645	-6.2120557	-6.285284	-0.9286461	-1.5448747	-6.552396	-6.384157	-6.1220064	-6.3207726	-6.717998
0.39465538	10.087911	-0.6485367	-2.7429864	-3.0461984	-2.9920743	-1.894386	-0.9251328	-0.47494718	-1.2661422	-6.3463554	-6.479303	-6.100855	-2.044919	1.0348996	0.23084392	-6.118931	-6.4050536	-6.41573	-6.153053	-6.1076403	-2.4244523	-6.2985015	-6.4636173	-6.25702	-6.536779	-6.081619	-6.122497	-6.322179	-6.232165	-6.201441	-6.391953	-6.215134	-6.2432384	-6.0085635	-6.2754393	-6.2572985	-6.377858	-6.149907	-6.2162237	-0.823517	-1.3796802	-6.448351	-6.3160415	-6.1201544	-6.2602415	-6.640314
1.7591206	7.603878	-1.580097	-2.6197352	-2.6049864	-2.7890248	-1.7068752	-1.817918	-1.3860438	-0.18658212	-6.1996074	-6.5205865	-6.144429	-1.9156525	3.2962089	1.5506759	-6.222479	-6.4967437	-6.351703	-5.9240108	-5.836469	-0.8732247	-6.236924	-6.312908	-6.183479	-6.2135954	-5.866573	-6.119337	-6.2903275	-6.1383047	-6.1127243	-6.02643	-5.9744263	-6.142885	-5.992575	-6.067994	-6.4122715	-6.2587943	-5.910553	-6.050555	-1.3925023	-1.9478021	-6.478737	-6.250746	-5.9497986	-6.071934	-6.436301
1.087311	9.777277	-0.58868206	-2.6748424	-2.9903579	-2.8999825	-1.8492	-0.8937226	-1.0701592	-1.2077281	-6.5578127	-6.7878857	-6.4064417	-2.166098	2.0906184	0.06368831	-6.3830996	-6.647099	-6.699912	-6.3180375	-6.317842	-2.0771966	-6.581948	-6.6546955	-6.5930576	-6.736801	-6.355388	-6.361717	-6.5997567	-6.4511294	-6.470286	-6.52067	-6.4070582	-6.502139	-6.2733164	-6.509047	-6.5525203	-6.6876254	-6.3594346	-6.377828	-0.9204743	-1.4708341	-6.7682047	-6.6154475	-6.3811493	-6.463462	-6.8888288
0.820433	10.065409	-0.7554684	-2.7498965	-3.1450076	-3.0336115	-1.8870798	-0.8283612	-0.6875	-1.3738415	-6.4828267	-6.6612787	-6.295306	-1.98661	1.1310457	0.37437588	-6.3185997	-6.507183	-6.5717425	-6.287523	-6.249206	-2.2940316	-6.48573	-6.6044216	-6.4125752	-6.6955233	-6.2706547	-6.2664957	-6.443998	-6.392406	-6.3542304	-6.5223045	-6.334817	-6.404777	-6.1462574	-6.389466	-6.450238	-6.5822086	-6.299793	-6.3531055	-0.87395287	-1.5147344	-6.585593	-6.4696894	-6.2748785	-6.376947	-6.7807055
0.5253117	9.80897	-0.7478076	-2.7157164	-2.928515	-3.013644	-1.7651683	-1.2623061	-0.9619127	-0.8449493	-6.2430625	-6.468084	-6.0296936	-2.0615094	1.2651579	0.5800775	-6.0777235	-6.3114796	-6.359994	-6.0227523	-5.9659953	-2.0294535	-6.2932706	-6.3710966	-6.217383	-6.395218	-6.0462565	-6.033903	-6.247941	-6.1420755	-6.136534	-6.2715125	-6.099855	-6.176807	-5.923582	-6.2171445	-6.2812366	-6.3302693	-6.0710683	-6.0876365	-0.8611036	-1.2284489	-6.3949685	-6.2307796	-6.081893	-6.1461663	-6.5381413
-0.13124369	10.146461	-0.8278389	-2.693699	-2.9874098	-3.0508084	-1.9096392	-0.8967	-0.25080943	-1.2116538	-6.063886	-6.1597757	-5.7213573	-1.807262	0.37088487	0.47665638	-5.855401	-6.0846605	-6.078175	-5.907592	-5.8353534	-2.3918028	-6.0076447	-6.164172	-5.9850073	-6.202547	-5.8414617	-5.8226132	-6.112897	-5.985758	-5.946089	-6.186085	-5.9994874	-5.9453654	-5.644252	-5.9828672	-5.965401	-6.076433	-5.87269	-5.96404	-0.58508515	-1.1282346	-6.07108	-5.967925	-5.880743	-5.950174	-6.366824
1.0121785	9.934826	-0.49246427	-2.6810772	-3.0572088	-2.9626105	-1.9300528	-0.6818985	-0.34851506	-1.1931597	-6.502566	-6.6465006	-6.314391	-2.2840016	1.279361	-0.27255496	-6.318297	-6.6331563	-6.662431	-6.293686	-6.2587605	-2.37662	-6.520434	-6.5918765	-6.470008	-6.711042	-6.315684	-6.286298	-6.539419	-6.410121	-6.378537	-6.5583415	-6.346203	-6.4132643	-6.1380825	-6.4259753	-6.428289	-6.635404	-6.3360095	-6.335986	-0.9496182	-1.6651064	-6.698245	-6.49957	-6.290124	-6.4261317	-6.8446603
0.8626998	9.909108	-0.5487083	-2.691094	-3.01943	-2.9481587	-1.943314	-0.7132197	-0.43921003	-1.207313	-6.4387627	-6.6130342	-6.24786	-2.2659774	1.5447682	-0.24348171	-6.2470455	-6.582131	-6.605784	-6.227444	-6.2057548	-2.3409631	-6.4663515	-6.5507946	-6.4213176	-6.6481156	-6.254954	-6.231462	-6.501445	-6.368104	-6.337516	-6.4912195	-6.2869263	-6.356306	-6.0960975	-6.378842	-6.3865595	-6.587309	-6.2688813	-6.2906585	-0.92041415	-1.6418474	-6.6712193	-6.459113	-6.234316	-6.3768396	-6.781989
0.26280186	10.210328	-0.7616446	-2.7048151	-3.0561037	-3.0847526	-1.8940972	-0.6887718	-0.48695496	-1.2350079	-6.1499953	-6.306621	-5.9025583	-1.9900038	0.7902511	0.19743022	-5.997178	-6.2249765	-6.2464595	-6.03692	-5.960361	-2.3777032	-6.132518	-6.2846227	-6.0613604	-6.361238	-5.9632053	-5.9682326	-6.180471	-6.1109166	-6.089268	-6.278196	-6.062205	-6.066562	-5.79045	-6.0832286	-6.101205	-6.235855	-5.992559	-6.0576315	-0.83511305	-1.3785952	-6.2288847	-6.085718	-5.9954157	-6.0728016	-6.4557166
0.7267984	10.069134	-0.56324697	-2.6187918	-3.1123078	-2.9705718	-1.8284035	-0.8648923	-0.50445694	-1.1832255	-6.5514994	-6.7317686	-6.3350906	-2.0374715	0.5522835	0.27308932	-6.3430104	-6.626296	-6.6328983	-6.3866143	-6.3609357	-2.3599453	-6.5774736	-6.6713767	-6.5147376	-6.7230453	-6.3633366	-6.3490205	-6.5034003	-6.4736605	-6.438995	-6.6241364	-6.43187	-6.4410515	-6.207043	-6.444411	-6.489931	-6.6123066	-6.390359	-6.43019	-0.88238496	-1.4893184	-6.6366053	-6.4989557	-6.326891	-6.487433	-6.882776
0.6715884	9.138843	-0.7515337	-2.5169187	-2.7082524	-2.752723	-1.6673186	-1.5202644	-1.1530651	-0.7255024	-6.123401	-6.4303584	-5.9986916	-2.1936789	2.5356228	0.41697276	-5.9201727	-6.3218274	-6.2126284	-5.902756	-5.8597517	-1.7574563	-6.2678266	-6.2914734	-6.144274	-6.3077116	-5.9014235	-5.961036	-6.182427	-6.029091	-6.127195	-6.0704236	-5.997485	-6.103802	-5.893669	-6.093265	-6.228642	-6.2291613	-5.949428	-5.9819837	-1.0342857	-1.5850922	-6.396979	-6.1688285	-5.917964	-6.071692	-6.4070773
-0.17268378	8.483434	-0.55887896	-2.6423404	-3.3474386	-2.444045	-2.5740914	0.6400846	3.2900507	-1.4850663	-7.251565	-7.1291904	-6.861212	-2.319406	-0.7942417	-0.5893049	-6.809045	-7.104158	-6.997859	-6.9177227	-6.8819776	-2.9562998	-7.0481653	-7.062226	-6.925725	-7.1978908	-6.7702417	-6.9008	-7.0042863	-7.0565085	-7.0001073	-7.1292467	-7.1176143	-7.0247517	-6.7992067	-7.136128	-6.8444505	-7.170339	-6.9388795	-7.0588303	-0.57452303	-1.2716936	-7.2579613	-6.932877	-6.729232	-6.9132643	-7.4630723
0.53595227	10.059413	-0.7453486	-2.7340817	-3.0492206	-3.0845954	-1.8337018	-0.9790701	-0.77959675	-1.05319	-6.122187	-6.284378	-5.8985577	-2.0334086	0.74378127	0.47680774	-5.94526	-6.1831584	-6.207522	-5.956475	-5.9150853	-2.2068233	-6.1151104	-6.2235203	-6.076988	-6.3429556	-5.9571795	-5.8834424	-6.13397	-6.04025	-6.0449944	-6.2029314	-6.0233912	-5.979612	-5.778284	-6.0084143	-6.082473	-6.2179923	-5.9737062	-5.9924917	-0.9153465	-1.3275878	-6.207568	-6.0755544	-5.9415636	-6.0312123	-6.431588
1.0082	9.900764	-0.71650296	-2.8121185	-3.165785	-2.9621017	-1.9161073	-0.8961366	-0.65729886	-1.3760072	-6.7643886	-6.96008	-6.603879	-2.107913	1.5374594	0.37733757	-6.595418	-6.8611073	-6.90972	-6.5108023	-6.528932	-2.2579002	-6.7853627	-6.82231	-6.695501	-6.968853	-6.5046806	-6.5466676	-6.741254	-6.6437635	-6.6454597	-6.7582874	-6.6043396	-6.680528	-6.4784555	-6.6756988	-6.755069	-6.8503222	-6.5841856	-6.589615	-0.9563709	-1.6205021	-6.969524	-6.8056	-6.5266714	-6.695181	-7.0826006
0.551758	10.157776	-0.5933974	-2.6987426	-3.0677392	-3.032274	-1.8796479	-0.7262934	-0.4480718	-1.3204682	-6.2724743	-6.409881	-6.048501	-2.0725713	0.8230716	0.05476501	-6.0915794	-6.3525677	-6.374919	-6.136317	-6.084254	-2.397625	-6.2676296	-6.3906817	-6.2143865	-6.4879518	-6.1013584	-6.083699	-6.3009696	-6.2007356	-6.175992	-6.38197	-6.1809998	-6.1998296	-5.9257927	-6.2032566	-6.1823053	-6.3503804	-6.1180696	-6.1384277	-0.80046016	-1.3869147	-6.345349	-6.2270203	-6.085622	-6.1850247	-6.605648
1.5884749	9.6531925	-0.31076062	-2.4277496	-2.9047194	-2.8457868	-1.7270826	-0.8321176	-0.6221896	-0.90133536	-6.426874	-6.6223035	-6.2853813	-2.3186822	1.205236	-0.5571071	-6.2245445	-6.539034	-6.5476174	-6.20073	-6.173278	-2.2430599	-6.4439287	-6.472139	-6.4265475	-6.6119256	-6.2501373	-6.2033277	-6.451384	-6.3335657	-6.319294	-6.4438915	-6.2612944	-6.2961345	-6.1199565	-6.3386617	-6.3950057	-6.6290555	-6.298948	-6.2379103	-1.0002102	-1.6925676	-6.6255364	-6.4144325	-6.230798	-6.319787	-6.759823
1.914176	9.675869	-0.8057454	-2.8008828	-3.389302	-2.9570954	-2.0077193	-0.6221108	-0.22236565	-1.3985361	-7.0891805	-7.243007	-7.023301	-2.1720188	0.8753973	0.54655206	-6.9919624	-7.182661	-7.250437	-6.8712354	-6.882941	-2.3919284	-7.160817	-7.104362	-7.026236	-7.2399244	-6.884085	-6.8733788	-7.03496	-6.9595294	-6.958284	-7.035977	-6.9404655	-7.0608215	-6.8234134	-6.9424067	-6.9758515	-7.1819935	-6.979317	-6.864518	-1.1444807	-2.1207929	-7.3245873	-7.0813093	-6.7669096	-7.0127025	-7.4249663
0.72112596	10.124603	-0.8902185	-2.901636	-3.3041124	-3.1117356	-1.9518489	-0.74526894	-0.6180545	-1.2338068	-6.7248683	-6.8588567	-6.5033026	-2.0342476	0.49865136	0.8452167	-6.5618434	-6.73064	-6.777052	-6.520304	-6.5017967	-2.3012438	-6.7147408	-6.7895775	-6.654057	-6.850207	-6.4511194	-6.488159	-6.6408477	-6.5867567	-6.5756464	-6.7624316	-6.6044197	-6.6248345	-6.3781443	-6.629645	-6.6426806	-6.745494	-6.4980226	-6.591209	-0.89040834	-1.3249453	-6.781653	-6.6490774	-6.4863424	-6.631685	-7.0406446
-0.24704945	9.947811	-0.57515866	-2.4079518	-2.774659	-2.8296654	-1.6715335	-1.1783859	-0.78840595	-1.5093564	-5.679242	-5.87801	-5.3898134	-2.000761	1.5304325	0.58272004	-5.467966	-5.699741	-5.7776875	-5.567412	-5.628294	-2.2717733	-5.6368475	-5.846734	-5.674067	-5.8187265	-5.4857473	-5.50856	-5.7090464	-5.5895586	-5.666485	-5.7546606	-5.647389	-5.6706343	-5.3054466	-5.5760007	-5.6195846	-5.809282	-5.6017632	-5.6007905	-0.8222586	-1.246617	-5.704195	-5.6061435	-5.43157	-5.5615535	-5.978402
0.61584735	10.100463	-0.62671447	-2.6722462	-3.029363	-3.035538	-1.9102889	-0.7706632	-0.41354284	-1.0990425	-6.355409	-6.4973936	-6.091548	-2.0765731	0.75001	-0.11119824	-6.1898837	-6.407189	-6.422498	-6.1860347	-6.086833	-2.3331234	-6.323133	-6.4427276	-6.2903214	-6.5487127	-6.126763	-6.121183	-6.352848	-6.2924805	-6.211774	-6.45335	-6.229833	-6.2299967	-6.0007315	-6.2936926	-6.2771993	-6.423727	-6.1483808	-6.229276	-0.730641	-1.2614957	-6.470849	-6.2977448	-6.174301	-6.24291	-6.6704526
0.8530654	10.089792	-0.6937325	-2.7332785	-3.1572256	-3.0266933	-1.8654933	-0.7350426	-0.41388327	-1.2159885	-6.51185	-6.6518703	-6.2662096	-2.080045	0.6421414	0.15541868	-6.2903852	-6.5491147	-6.5823755	-6.309437	-6.2828503	-2.3859506	-6.4736605	-6.5637207	-6.4259467	-6.6738715	-6.2892284	-6.2646337	-6.487876	-6.382242	-6.3618765	-6.5706096	-6.3732386	-6.3886437	-6.147686	-6.42399	-6.387996	-6.5474787	-6.30642	-6.323221	-0.85043633	-1.4415342	-6.5822935	-6.450058	-6.2534237	-6.4043484	-6.8185306
1.1272187	9.110747	-0.7044249	-2.4328847	-2.632324	-2.7138317	-1.6898594	-1.2410499	-1.5095642	-0.7733043	-6.311468	-6.5545273	-6.113269	-2.2536054	2.6019487	-0.005594184	-6.1156535	-6.4298124	-6.3904924	-6.029893	-5.9660444	-1.4928924	-6.405156	-6.405219	-6.3160944	-6.440318	-6.0337734	-6.0491395	-6.3375006	-6.166148	-6.1840806	-6.2281322	-6.1233807	-6.2684016	-5.9609	-6.2112308	-6.421902	-6.3948846	-6.0459957	-6.099421	-0.83958066	-1.1728843	-6.6047916	-6.339438	-6.0909443	-6.176693	-6.6072483
-0.09782313	9.862135	-0.62443674	-2.690292	-3.0499146	-2.9703138	-2.0054905	-1.2749867	0.9508204	-1.1823473	-6.3589234	-6.393175	-5.9239388	-1.8662227	0.35834503	-0.006359437	-5.977047	-6.2804055	-6.279919	-6.141747	-6.079004	-2.4674523	-6.2065315	-6.3438582	-6.2069182	-6.39382	-6.0005302	-5.9421864	-6.2533426	-6.257669	-6.0471635	-6.383954	-6.2860966	-6.1843324	-5.851673	-6.2640104	-5.9969435	-6.291825	-6.038604	-6.131775	-0.60307556	-1.0852448	-6.277655	-6.156493	-6.0716944	-6.134744	-6.6047873
0.33478028	10.009625	-0.5853264	-2.6928551	-3.091593	-2.9275668	-1.8103505	-0.8531351	-0.5327379	-0.9907648	-6.379978	-6.542526	-6.125598	-2.016674	0.5504087	0.20827277	-6.132359	-6.399903	-6.4418607	-6.196624	-6.1427054	-2.2192278	-6.3877454	-6.491688	-6.2717137	-6.5424423	-6.119784	-6.139016	-6.311816	-6.2571383	-6.2598577	-6.410106	-6.2434254	-6.272645	-6.026766	-6.2725015	-6.2858496	-6.409011	-6.1934114	-6.2322125	-0.913276	-1.3234272	-6.4056964	-6.2922783	-6.113736	-6.270154	-6.685713
0.44748968	10.196566	-0.8489528	-2.8377173	-3.2114923	-3.1723127	-1.992696	-0.62993085	-0.1964043	-1.1593046	-6.4840307	-6.5694003	-6.2149353	-2.0115118	0.24287754	0.49872786	-6.3002934	-6.5445666	-6.5050483	-6.304725	-6.252842	-2.4636981	-6.445919	-6.5603876	-6.384958	-6.682051	-6.2778826	-6.2347927	-6.482015	-6.3953238	-6.3424735	-6.5870523	-6.3712993	-6.3360457	-6.118873	-6.376065	-6.3491697	-6.5007186	-6.2790937	-6.351143	-0.8456573	-1.3759595	-6.557815	-6.4102025	-6.2716064	-6.3532395	-6.8217688
0.68686175	10.064274	-0.57232744	-2.6060889	-2.9617167	-2.9380581	-1.8095943	-0.73349357	-0.64513856	-1.2396137	-6.305661	-6.490608	-6.064806	-2.185994	1.1001333	0.013048453	-6.160726	-6.362747	-6.396526	-6.097452	-6.068335	-2.3107324	-6.2515454	-6.365602	-6.260635	-6.481687	-6.0868044	-6.0721188	-6.2529793	-6.2345037	-6.1751037	-6.304631	-6.1563425	-6.1786084	-5.9500585	-6.2434945	-6.2632704	-6.4077864	-6.1148744	-6.1718326	-0.9219532	-1.3932863	-6.397632	-6.298875	-6.077667	-6.1951976	-6.636529
1.1299753	9.980817	-0.5676498	-2.6997998	-3.0521748	-3.0003662	-1.7903124	-0.8735273	-0.79769343	-1.2366967	-6.342551	-6.5164843	-6.161932	-2.111404	0.96932876	0.12792343	-6.1471443	-6.4008584	-6.4314337	-6.132434	-6.093028	-2.2376702	-6.322401	-6.4286857	-6.3052087	-6.5234146	-6.1803284	-6.119802	-6.356811	-6.2491517	-6.231626	-6.3886604	-6.2082653	-6.2349253	-6.032722	-6.2283144	-6.301738	-6.448593	-6.1773148	-6.1732936	-0.8814334	-1.4258274	-6.4510155	-6.3172827	-6.147418	-6.2600207	-6.6431165
0.2087941	10.096116	-0.7115722	-2.6401856	-3.1744015	-2.9162242	-2.0508223	-0.63079363	0.3785154	-1.3012457	-6.6724	-6.746208	-6.333661	-1.9408495	0.50464725	-0.0839057	-6.451487	-6.6690793	-6.6978455	-6.460841	-6.459113	-2.4760575	-6.606588	-6.6987305	-6.554192	-6.8199635	-6.3617444	-6.415935	-6.6006327	-6.5948653	-6.460029	-6.750281	-6.5921617	-6.528894	-6.2956405	-6.5624228	-6.491855	-6.7166476	-6.430384	-6.561024	-0.75300264	-1.3714169	-6.7229185	-6.5834785	-6.3934946	-6.465415	-7.034267
0.15876964	10.058687	-0.7331819	-2.6013782	-3.0058727	-2.9062295	-1.8584335	-0.6040842	-0.62903935	-1.1364311	-6.1825256	-6.3044186	-5.9015036	-2.0426838	0.6857897	0.0964981	-5.9909167	-6.1679263	-6.220791	-6.016993	-5.9097705	-2.2307534	-6.120386	-6.2517476	-6.101553	-6.3605647	-5.9424224	-5.934899	-6.152347	-6.10379	-6.0492535	-6.2701216	-6.0478144	-6.100459	-5.7934985	-6.0839643	-6.098352	-6.2248864	-5.976447	-6.026394	-0.7024955	-1.1821976	-6.2056284	-6.119608	-5.9480486	-6.035152	-6.500031
0.25073412	10.058103	-0.36677518	-2.4875965	-2.9026465	-2.8042734	-1.846055	-0.64542407	-0.2374679	-1.3480667	-6.064233	-6.0681987	-5.787285	-2.1122994	0.28760543	-0.19847669	-5.7794056	-6.03585	-6.039268	-5.9529476	-5.7415037	-2.419704	-5.9469423	-6.0878706	-5.8696256	-6.196444	-5.814969	-5.784486	-6.0071754	-5.95166	-5.8870287	-6.090394	-5.9059067	-5.921307	-5.622826	-5.9516487	-5.9056106	-6.0707946	-5.829289	-5.92091	-0.51271033	-1.1249275	-6.01993	-5.9310293	-5.7945347	-5.947873	-6.276737
0.77279216	9.772853	-0.7229696	-2.6288369	-3.0102372	-2.9371083	-1.7994609	-0.9815519	-0.82344806	-0.87787896	-6.2114687	-6.535453	-6.08778	-2.0375893	1.8654575	-0.2364544	-6.083743	-6.3715835	-6.37817	-6.062449	-6.0618153	-2.1131172	-6.2671113	-6.375732	-6.2631783	-6.4828634	-6.0714617	-6.049279	-6.3435826	-6.14627	-6.2236433	-6.295603	-6.127887	-6.187268	-5.9846625	-6.2049346	-6.2381167	-6.416303	-6.0940638	-6.086006	-0.98076475	-1.5595279	-6.401498	-6.2498875	-6.082081	-6.1597977	-6.541112
0.46125942	9.93405	-0.85557985	-2.7891412	-3.0649474	-3.0124736	-1.9404291	-0.88085854	-0.8309949	-1.39069	-6.258174	-6.545287	-6.1250935	-2.0223744	2.4052572	0.3700696	-6.106672	-6.3860545	-6.4269433	-6.096832	-6.1417117	-2.4302666	-6.2651296	-6.4275846	-6.247436	-6.5024757	-6.1085286	-6.092247	-6.3801537	-6.181672	-6.254709	-6.3147697	-6.1646953	-6.257993	-6.0020647	-6.228926	-6.2710724	-6.420392	-6.137593	-6.1204925	-1.0299047	-1.6969651	-6.410255	-6.3030424	-6.07442	-6.2002125	-6.5625076
0.78633976	10.040221	-0.6485493	-2.7001882	-2.9961483	-3.0616767	-1.8848165	-0.8758438	-0.85571676	-1.1839107	-6.2840376	-6.5025945	-6.1050463	-2.1915488	1.6914531	0.16106889	-6.154734	-6.41119	-6.4295087	-6.083372	-6.0442934	-2.301372	-6.264449	-6.444395	-6.2258115	-6.496648	-6.1438336	-6.12106	-6.3182125	-6.2131267	-6.2156644	-6.321225	-6.1310887	-6.218139	-5.956307	-6.2319684	-6.3040547	-6.4123726	-6.125362	-6.12969	-1.0330431	-1.5819436	-6.454775	-6.2699394	-6.1333485	-6.1872	-6.5754504
0.7663343	10.149368	-0.61861897	-2.7304173	-3.0972426	-3.0799675	-1.9405721	-0.6329752	-0.5364271	-1.2707556	-6.3323307	-6.5155387	-6.1381407	-2.2054439	1.1738771	0.061239734	-6.1996603	-6.429271	-6.4744678	-6.1653757	-6.1170554	-2.391896	-6.307736	-6.461418	-6.2537565	-6.543577	-6.1856956	-6.1699843	-6.378816	-6.2671757	-6.262359	-6.4015813	-6.2023506	-6.2556458	-5.969179	-6.2702155	-6.2930846	-6.4713764	-6.171006	-6.2071347	-0.9905267	-1.6198978	-6.4652467	-6.29022	-6.13443	-6.250569	-6.6490855
0.36894026	10.08519	-0.7012509	-2.6982749	-2.9964635	-2.9836586	-1.8799478	-0.8791616	-0.59183764	-1.1517129	-6.163591	-6.3196726	-5.9333267	-2.0372727	0.8354074	0.14993821	-6.0132837	-6.2536902	-6.276646	-6.0118356	-5.94054	-2.2150779	-6.1927614	-6.2895775	-6.123069	-6.3884144	-5.9469285	-5.9641104	-6.1761765	-6.1010528	-6.0772243	-6.260902	-6.0736423	-6.092173	-5.8371067	-6.110358	-6.1065035	-6.2491283	-5.9921174	-6.0870075	-0.8217494	-1.2620836	-6.291324	-6.140193	-5.992177	-6.0989413	-6.516467
0.4067934	10.123981	-0.56444526	-2.6983232	-3.0451381	-3.025902	-1.936957	-0.7366616	-0.1505418	-1.1652774	-6.319983	-6.396316	-6.0350943	-2.0494754	0.5346538	-0.026232379	-6.079821	-6.32661	-6.3449097	-6.1336856	-6.0655684	-2.4571218	-6.2620096	-6.3566318	-6.1942263	-6.4815426	-6.0453477	-6.0662785	-6.2841034	-6.1904993	-6.144009	-6.3756247	-6.178969	-6.1601167	-5.9127946	-6.201773	-6.146322	-6.3723526	-6.090611	-6.17769	-0.778188	-1.3738244	-6.356997	-6.214056	-6.0778446	-6.174456	-6.640009
0.24262495	10.154953	-0.7397131	-2.7444901	-3.0459692	-3.0654337	-1.9458133	-0.7674677	-0.39553633	-1.1532131	-6.259266	-6.38064	-5.96807	-2.0687494	0.76202357	0.19754732	-6.0613	-6.3272395	-6.32502	-6.062055	-5.9972053	-2.3383615	-6.211182	-6.359356	-6.1812177	-6.458193	-6.0147614	-6.021161	-6.2518435	-6.1765604	-6.134641	-6.336267	-6.146704	-6.1459355	-5.885619	-6.1689854	-6.170727	-6.3097525	-6.0625253	-6.140099	-0.7779913	-1.2647814	-6.3731284	-6.196243	-6.0768375	-6.137977	-6.5768666
0.9917526	9.6958275	-0.7509811	-2.7146516	-2.9988492	-2.9412963	-1.9034054	-0.922988	-1.0011282	-1.2092638	-6.5268736	-6.8301597	-6.4088907	-2.106071	2.4296687	-0.014760146	-6.409669	-6.7183886	-6.7339053	-6.3282967	-6.3344474	-2.0332377	-6.604599	-6.693548	-6.568137	-6.770609	-6.3683753	-6.378042	-6.6641793	-6.4798923	-6.4993157	-6.5665593	-6.3965054	-6.487455	-6.2766438	-6.5003653	-6.574545	-6.7144003	-6.3429236	-6.372975	-1.0219574	-1.5996325	-6.7790217	-6.5841384	-6.399354	-6.4683957	-6.857348
1.0304943	9.977047	-0.33430806	-2.5990202	-3.0032897	-2.8632228	-1.8734738	-0.5946106	-0.64863986	-1.4457207	-6.581288	-6.749477	-6.368062	-2.2528365	1.5061578	-0.4279184	-6.395905	-6.6678233	-6.7227464	-6.3708076	-6.3256154	-2.239882	-6.5963387	-6.690299	-6.514486	-6.784027	-6.3827496	-6.3805447	-6.6038933	-6.5081043	-6.4632783	-6.6041093	-6.417742	-6.480468	-6.237899	-6.477404	-6.513507	-6.679173	-6.3685446	-6.4012156	-0.7836898	-1.426784	-6.739412	-6.560795	-6.3644753	-6.455721	-6.8960223
0.42423946	9.942126	-0.58165306	-2.6685617	-2.9645467	-2.994358	-1.8419968	-0.9301393	-0.6817928	-0.87574166	-6.113229	-6.290141	-5.9023952	-2.0941367	1.1481347	-0.09943714	-5.8982406	-6.175535	-6.234894	-5.915067	-5.8695903	-2.183333	-6.092788	-6.215494	-6.0593886	-6.3297853	-5.863625	-5.876587	-6.0983214	-5.999456	-6.0081053	-6.1427917	-5.9757085	-6.0006485	-5.772509	-6.038913	-6.0475264	-6.21958	-5.921851	-5.989646	-0.8665606	-1.3198287	-6.2316866	-6.0547185	-5.91319	-6.025693	-6.401272
0.73277646	9.969316	-0.7304059	-2.6273158	-3.035256	-2.9824526	-1.7787625	-0.9992016	-0.8820294	-1.1391696	-6.321232	-6.5813603	-6.10723	-2.0219448	1.6025475	0.1488693	-6.157561	-6.359099	-6.4146476	-6.12607	-6.1027246	-2.199217	-6.3226852	-6.464663	-6.2809186	-6.5199203	-6.142922	-6.113328	-6.3518667	-6.2403812	-6.26375	-6.363427	-6.186201	-6.237991	-6.011734	-6.2710032	-6.306612	-6.4254336	-6.1485124	-6.147149	-0.91072184	-1.4157631	-6.4499197	-6.300684	-6.1242476	-6.2125583	-6.6020427
-0.0146828815	10.201549	-0.7256893	-2.6493883	-2.939005	-3.0008786	-1.8547746	-0.93534636	-0.53808886	-1.4095597	-5.9640336	-6.048141	-5.65547	-1.9307075	0.59318554	0.5849747	-5.732946	-5.967675	-5.970123	-5.8069005	-5.699984	-2.2874725	-5.872751	-6.0620165	-5.8511267	-6.1102996	-5.751647	-5.716085	-5.946248	-5.8738956	-5.8481665	-6.0188746	-5.850514	-5.8296676	-5.5418205	-5.828509	-5.874147	-5.991818	-5.766649	-5.837818	-0.6766718	-1.0753511	-5.9763002	-5.8416915	-5.771303	-5.8103685	-6.2232842
0.6045213	10.006493	-0.6562854	-2.6671944	-3.033131	-3.0550838	-1.8800442	-0.878904	-0.52284366	-1.0020169	-6.226772	-6.415177	-6.0230246	-2.1474788	1.2154728	-0.05156894	-6.050748	-6.328738	-6.3514404	-6.0579443	-6.006916	-2.2141688	-6.226778	-6.330974	-6.193898	-6.46655	-6.049337	-6.008211	-6.255498	-6.150428	-6.1350026	-6.2919602	-6.1081967	-6.155334	-5.8712068	-6.174277	-6.1412325	-6.332925	-6.0684867	-6.08131	-0.97763324	-1.5038667	-6.3442307	-6.1928196	-6.046957	-6.1158276	-6.559315
0.2223937	10.047069	-0.6713861	-2.7068942	-2.9322917	-2.9915984	-1.8704189	-0.97312397	-0.88121605	-1.3457935	-6.051324	-6.2493777	-5.8421946	-2.0408244	1.8348161	0.2615764	-5.8760595	-6.153247	-6.1806893	-5.9060864	-5.8592515	-2.2326002	-6.033008	-6.2380586	-6.0372396	-6.276816	-5.888981	-5.8630323	-6.1250014	-5.988566	-6.006816	-6.14744	-5.961499	-6.0029635	-5.7178016	-5.9848456	-6.0297437	-6.175446	-5.898403	-5.91347	-0.83403224	-1.3729339	-6.1875954	-6.07241	-5.8910418	-5.972224	-6.3619733
0.42474455	9.772825	-0.9236069	-2.762211	-2.9690194	-3.104987	-1.8658088	-1.1279689	-1.0159776	-0.6308219	-6.323376	-6.609913	-6.1175623	-2.0755944	1.9006981	0.43712598	-6.184497	-6.4188843	-6.422912	-6.1000686	-6.076285	-2.0703404	-6.3605456	-6.4650855	-6.3219714	-6.5296516	-6.0928984	-6.1001425	-6.3493843	-6.252454	-6.2786436	-6.3586497	-6.1784	-6.208539	-5.980846	-6.2560463	-6.395216	-6.4441714	-6.1268926	-6.2134595	-1.0740812	-1.4333749	-6.543992	-6.337429	-6.185508	-6.205939	-6.645684
0.03384718	9.969461	-0.106508955	-2.4296494	-2.7824152	-2.6684346	-1.9306195	-0.41138193	0.26210573	-1.3829116	-6.0649657	-6.0316806	-5.7493763	-2.3329704	0.41774875	-0.7318194	-5.7795753	-6.1113343	-6.090243	-5.932467	-5.79198	-2.365343	-5.9723186	-6.074321	-5.893488	-6.180499	-5.8028417	-5.8669143	-6.04994	-5.9646015	-5.8895006	-6.1000037	-5.9176636	-5.9022503	-5.56767	-5.9096007	-5.8300557	-6.1297455	-5.8190837	-5.9270616	-0.55733156	-1.1718688	-6.0655107	-5.9217043	-5.8209486	-5.891575	-6.3854966
0.083539456	10.212705	-0.69235325	-2.7249646	-3.0351143	-3.0240855	-1.9318753	-0.6852969	-0.5640139	-1.3654646	-6.3518972	-6.434118	-6.058647	-2.0174768	0.57576114	0.5479857	-6.152805	-6.3684144	-6.364349	-6.155466	-6.0724673	-2.3203726	-6.262547	-6.4282756	-6.257156	-6.499389	-6.1228237	-6.094416	-6.308052	-6.2344875	-6.208934	-6.414826	-6.212752	-6.204586	-5.895648	-6.177385	-6.2651286	-6.3690166	-6.149322	-6.1803417	-0.67539716	-1.1974723	-6.3907394	-6.2569456	-6.115902	-6.189594	-6.6665215
0.5017549	10.214999	-0.7225354	-2.7439735	-3.1276252	-3.0792325	-1.951579	-0.56516033	-0.3788558	-1.3630744	-6.406133	-6.539431	-6.145481	-2.093223	0.7404971	0.13016899	-6.2294974	-6.4693484	-6.479499	-6.2295556	-6.1653986	-2.41048	-6.3567195	-6.5196114	-6.302743	-6.604688	-6.1682034	-6.195084	-6.4108305	-6.3466606	-6.2827687	-6.4952154	-6.283705	-6.309721	-6.059588	-6.3122125	-6.3215976	-6.451666	-6.2119246	-6.2834682	-0.7927329	-1.348938	-6.4906	-6.350461	-6.1983614	-6.2824783	-6.7226753
0.14155254	10.1093645	-0.6078305	-2.6820734	-2.9547	-2.941443	-1.9672172	-0.6345557	-0.49355063	-1.3244123	-6.1251183	-6.2421594	-5.858985	-2.0634508	1.1076798	-0.13288824	-5.9494543	-6.189449	-6.201581	-5.986271	-5.879	-2.2994695	-6.06725	-6.2596765	-6.055018	-6.3396444	-5.8923254	-5.9052043	-6.164255	-6.046236	-6.029839	-6.245016	-6.0230126	-6.058876	-5.7443647	-6.0227456	-6.031341	-6.201075	-5.947924	-5.994384	-0.6254607	-1.205871	-6.2318687	-6.0879707	-5.9176598	-6.0051336	-6.4689
0.60400057	9.668667	-0.7792996	-2.7470016	-2.9091632	-2.955022	-1.8093383	-1.17607	-1.169286	-1.0591654	-6.3297553	-6.574089	-6.153469	-2.1425793	2.051398	0.49252528	-6.1287713	-6.419234	-6.4132442	-6.06993	-6.053988	-1.9671786	-6.3616304	-6.4702973	-6.3407035	-6.477728	-6.1055174	-6.118591	-6.386271	-6.2253294	-6.2545915	-6.315032	-6.184699	-6.231934	-5.998343	-6.2569675	-6.401824	-6.405617	-6.1160865	-6.166806	-0.8954612	-1.2445307	-6.521012	-6.3524914	-6.128994	-6.229052	-6.619736
0.58747554	10.118998	-0.6677233	-2.7530758	-3.069102	-3.070005	-1.9002653	-0.83630973	-0.5099752	-1.3065281	-6.3496532	-6.513276	-6.1021986	-2.2319167	1.0667647	0.3256799	-6.1526747	-6.4181757	-6.436403	-6.128836	-6.0817904	-2.3900077	-6.3166723	-6.423936	-6.2962766	-6.5250564	-6.115159	-6.127827	-6.340701	-6.277292	-6.2168326	-6.3853636	-6.2174463	-6.218338	-5.948309	-6.258134	-6.3047485	-6.409625	-6.148607	-6.2047462	-0.9231624	-1.3693781	-6.488113	-6.308398	-6.153571	-6.230737	-6.6489224
0.42598298	10.075959	-0.4680215	-2.6982796	-2.9520206	-3.0420282	-1.9023913	-0.98059106	-0.410207	-1.1874352	-6.2251687	-6.3690047	-5.952098	-2.1394458	1.178343	0.08070024	-5.995566	-6.300569	-6.368489	-6.0050683	-5.9912744	-2.4116046	-6.179673	-6.297714	-6.127604	-6.3801575	-6.001698	-5.9793444	-6.1900554	-6.1351295	-6.0685763	-6.2547174	-6.102415	-6.109003	-5.8437915	-6.174471	-6.138754	-6.307192	-6.004279	-6.108015	-0.8081375	-1.3576541	-6.328594	-6.1809273	-6.0347652	-6.132804	-6.507827
0.24372783	10.180545	-0.7579541	-2.6777017	-3.0180342	-3.0690722	-1.8716146	-0.8794036	-0.5570097	-1.2763891	-6.121993	-6.282752	-5.826151	-1.928188	1.0640877	0.21536359	-5.9521856	-6.195061	-6.1805806	-5.992665	-5.918455	-2.3727174	-6.0712667	-6.2833734	-6.0732913	-6.337927	-5.9474797	-5.905362	-6.1903224	-6.069701	-6.054614	-6.2490664	-6.046069	-6.027716	-5.768838	-6.046145	-6.0551934	-6.1894526	-5.969184	-6.0071034	-0.77712137	-1.3129836	-6.1869664	-6.092883	-5.9715376	-6.008981	-6.4595566
-0.025773294	9.750458	-0.6825329	-2.5757172	-2.641507	-2.8557584	-1.7326895	-1.2215434	-1.4591223	-1.1216127	-5.758732	-6.036603	-5.569503	-1.8715326	2.5099356	0.16389123	-5.646088	-5.8969254	-5.9170375	-5.630341	-5.5773444	-1.9663426	-5.7717204	-5.979029	-5.8276415	-6.0059915	-5.6197414	-5.5924797	-5.8982744	-5.7188625	-5.7925076	-5.881317	-5.696851	-5.7482066	-5.4673595	-5.7728996	-5.8531446	-5.9177356	-5.636972	-5.6585536	-0.6610142	-1.1382906	-5.9122534	-5.850298	-5.6640167	-5.6795664	-6.092399
0.07632768	9.966718	-0.8983761	-2.7311778	-2.9387486	-3.0840116	-1.798447	-1.1378516	-1.0147827	-0.958353	-6.0328836	-6.249994	-5.798279	-1.8296186	1.4448421	0.6519351	-5.8946414	-6.071305	-6.1240606	-5.8772836	-5.840927	-2.1841233	-6.037985	-6.176463	-6.029807	-6.242887	-5.8524075	-5.8175087	-6.0663834	-5.984306	-5.9959598	-6.1312895	-5.960791	-5.963391	-5.6867814	-5.975864	-6.068817	-6.1426167	-5.877867	-5.955561	-0.8837786	-1.2581544	-6.14311	-6.060881	-5.9039574	-5.936059	-6.3625226
0.08965874	9.9427395	-0.46978936	-2.5820687	-2.7280579	-2.8985026	-1.6816734	-1.290558	-1.1240283	-1.1758991	-5.7240553	-5.9148417	-5.5126743	-1.9865547	1.3322518	0.30171484	-5.53878	-5.789725	-5.82162	-5.579678	-5.521029	-2.132017	-5.749953	-5.903758	-5.7322598	-5.968608	-5.5830564	-5.532413	-5.7797236	-5.684432	-5.7118335	-5.822817	-5.6408973	-5.6361933	-5.378838	-5.674305	-5.7466736	-5.835619	-5.597381	-5.611647	-0.6291474	-1.0052396	-5.8030887	-5.7344675	-5.5869627	-5.6766195	-6.0015407
0.036519933	9.728268	-0.83604103	-2.6271522	-2.7294815	-2.940499	-1.7398506	-1.259735	-1.3765144	-0.9400838	-5.8166833	-6.098798	-5.6310873	-1.8803859	2.4028933	0.42816275	-5.7233024	-5.943835	-5.995258	-5.680345	-5.651283	-2.0178168	-5.848723	-6.000618	-5.8896184	-6.0400143	-5.658428	-5.64396	-5.926851	-5.790147	-5.84614	-5.925264	-5.769078	-5.8207555	-5.5242195	-5.8109355	-5.9211473	-5.995992	-5.710225	-5.723853	-0.8561329	-1.2978265	-5.9931955	-5.915098	-5.7289658	-5.7495112	-6.1604395
0.28806955	10.209396	-0.6590276	-2.7222755	-3.1667752	-3.008848	-1.9427854	-0.57232094	-0.28909525	-1.453112	-6.5560775	-6.6975155	-6.2942944	-1.936792	1.1591517	0.068862565	-6.3949018	-6.6129074	-6.705381	-6.3853045	-6.350104	-2.5530777	-6.4835773	-6.691042	-6.4833784	-6.7206287	-6.316283	-6.3640714	-6.594367	-6.4847984	-6.4707294	-6.6204405	-6.45091	-6.483127	-6.198286	-6.46529	-6.4478683	-6.6404433	-6.372397	-6.4396996	-0.75539464	-1.5243245	-6.6551127	-6.524879	-6.364032	-6.4508357	-6.883729
0.106869206	10.152453	-0.54489887	-2.6013267	-2.9174168	-2.9435208	-1.9202591	-0.6530224	-0.5107063	-1.4020971	-6.082793	-6.189258	-5.7915993	-1.994733	1.1587408	-0.16881506	-5.8510923	-6.140054	-6.1686387	-5.92578	-5.831346	-2.3823445	-6.0144267	-6.20615	-5.985944	-6.2428026	-5.8574724	-5.887909	-6.1422076	-5.9901295	-5.995708	-6.162095	-5.97831	-5.967332	-5.6699615	-5.9587975	-5.9646297	-6.1589074	-5.8893867	-5.955802	-0.6026844	-1.2728671	-6.138945	-5.9983745	-5.893553	-5.926726	-6.387228
0.16767168	10.160412	-0.54552275	-2.6126509	-2.9434547	-2.9437258	-1.933462	-0.6523863	-0.4692302	-1.461572	-6.083437	-6.1932764	-5.8110056	-1.9900838	1.2063259	-0.17035413	-5.864977	-6.161642	-6.1819797	-5.937763	-5.8546424	-2.4269545	-6.0189543	-6.219966	-5.9840717	-6.261924	-5.8692174	-5.8861647	-6.1407533	-5.9935174	-6.0000925	-6.1681542	-5.9894395	-5.992999	-5.6808004	-5.9576597	-5.9671373	-6.1625824	-5.90525	-5.9658213	-0.634879	-1.3286257	-6.150746	-6.0148077	-5.894868	-5.9424405	-6.3893394
0.15806936	10.0722	-0.5238142	-2.5918384	-2.8814754	-2.8909645	-1.9098473	-0.6985302	-0.6970107	-1.4089011	-6.0852375	-6.24623	-5.841276	-2.0450335	1.6082174	-0.2852143	-5.8835964	-6.188994	-6.2198534	-5.9333887	-5.8721676	-2.3126583	-6.0533996	-6.252752	-6.033224	-6.2864323	-5.88288	-5.905793	-6.1763363	-6.017359	-6.032413	-6.168431	-5.984086	-6.020224	-5.71581	-5.9987226	-6.019304	-6.192442	-5.9272785	-5.9584284	-0.62673545	-1.3217784	-6.184995	-6.0675735	-5.9194813	-5.960315	-6.4143424
0.13237135	10.109769	-0.52851176	-2.61981	-2.904912	-2.9001014	-1.9113098	-0.74484116	-0.6292298	-1.4441658	-6.126079	-6.252692	-5.8544235	-2.0233877	1.4179844	-0.1680031	-5.9047527	-6.2106986	-6.2281084	-5.954676	-5.8865256	-2.3402505	-6.075288	-6.2747083	-6.060525	-6.2992268	-5.905213	-5.918213	-6.191924	-6.035789	-6.0341735	-6.2014174	-6.01978	-6.0322113	-5.7287397	-6.004568	-6.039424	-6.1877856	-5.9514766	-5.9827952	-0.5918448	-1.2668626	-6.1925364	-6.0838223	-5.943406	-5.9790034	-6.4447427
0.22960094	9.795682	-0.7273175	-2.6214879	-2.8270214	-2.940318	-1.8045226	-1.161116	-1.0727403	-1.4503044	-5.9315133	-6.1831055	-5.744378	-2.1003895	2.6899154	0.60056716	-5.7698593	-6.071152	-6.109984	-5.7226043	-5.7595496	-2.2951276	-5.9320292	-6.1127796	-5.918945	-6.127462	-5.7850547	-5.7519774	-6.008195	-5.8422713	-5.8761373	-5.947269	-5.8225756	-5.913654	-5.645321	-5.8635936	-5.984554	-6.072747	-5.8103228	-5.778285	-1.0082526	-1.6227627	-6.0850096	-5.971842	-5.73578	-5.8590374	-6.2062263
0.19932273	10.188304	-0.69346344	-2.6964965	-3.019381	-3.0548663	-1.8230112	-0.9119678	-0.63240534	-1.3694966	-6.139983	-6.2754145	-5.8634815	-1.8949249	0.7243043	0.47050774	-5.968929	-6.181475	-6.195519	-6.004767	-5.9181724	-2.3009977	-6.10994	-6.2990804	-6.028694	-6.3328023	-5.954678	-5.955986	-6.1327405	-6.085345	-6.0594177	-6.212795	-6.051565	-6.0572886	-5.7924485	-6.0542965	-6.0909743	-6.1561975	-5.952656	-6.0519695	-0.74246496	-1.1761264	-6.1801558	-6.062573	-5.97375	-6.059686	-6.426513
0.17170861	10.235339	-0.73252034	-2.7327197	-3.0524282	-3.0576522	-1.8783516	-0.7605334	-0.6712119	-1.4681408	-6.123132	-6.2691274	-5.880788	-1.9778675	1.0264027	0.4681759	-5.9472322	-6.2020435	-6.2157645	-6.0159116	-5.9263735	-2.3586724	-6.087175	-6.28712	-6.044911	-6.3389378	-5.9644713	-5.9331765	-6.175519	-6.0619907	-6.078257	-6.2357163	-6.025161	-6.0457296	-5.747684	-6.016452	-6.0720286	-6.175863	-5.9661875	-5.992176	-0.7860412	-1.2932771	-6.192443	-6.065927	-5.952241	-6.0144644	-6.418521
0.8102224	10.12151	-0.80674416	-2.8748894	-3.3174698	-3.112384	-2.1166131	-0.5225456	0.012412714	-1.4383256	-6.9669337	-7.0259233	-6.6842823	-2.1426988	0.20864749	0.6778044	-6.7277746	-6.918439	-6.9511185	-6.7256284	-6.66931	-2.6232402	-6.85995	-6.954649	-6.796026	-7.0395074	-6.615809	-6.6891155	-6.842521	-6.85148	-6.7158713	-6.9412975	-6.791137	-6.7763014	-6.546368	-6.83547	-6.776835	-6.9550896	-6.6829705	-6.7721734	-0.72675115	-1.4572976	-7.0291414	-6.83678	-6.605196	-6.7837343	-7.204836
0.63326323	10.260827	-0.8310609	-2.8929503	-3.3644502	-3.11255	-2.1935136	-0.051428042	0.25465205	-1.7728173	-6.8372397	-6.8605886	-6.55976	-2.1442266	-0.2181247	0.63460535	-6.6380243	-6.8205433	-6.800759	-6.6025424	-6.576131	-2.663711	-6.7167573	-6.8313656	-6.6635294	-6.951441	-6.5222855	-6.6111445	-6.719283	-6.7599077	-6.5886693	-6.8642817	-6.679196	-6.7042994	-6.428236	-6.7064033	-6.675992	-6.821793	-6.5525723	-6.7298503	-0.7037709	-1.3741038	-6.887085	-6.715225	-6.5080814	-6.6406627	-7.133474
1.4673264	9.580412	-0.59212214	-2.6181428	-2.9565437	-2.942877	-1.8282121	-1.0044158	-0.833597	-0.66005456	-6.6661873	-6.829164	-6.515316	-2.134116	1.2851962	-0.32460663	-6.5376587	-6.778488	-6.7523456	-6.4073567	-6.363946	-1.9656112	-6.701357	-6.702751	-6.672259	-6.8020663	-6.448346	-6.4264665	-6.694192	-6.5821147	-6.5146546	-6.6750326	-6.498171	-6.4901032	-6.375622	-6.6138806	-6.6426153	-6.7944417	-6.4204683	-6.4787216	-0.7731117	-1.342642	-6.8512225	-6.649037	-6.4779797	-6.509594	-7.008718
0.32750803	10.17027	-0.8073453	-2.834536	-3.1956742	-3.0649333	-2.0113716	-0.7045907	-0.117238164	-1.3701066	-6.6768622	-6.7342367	-6.3615856	-2.0242445	0.24182159	0.58551276	-6.4120836	-6.665198	-6.6515117	-6.4490905	-6.404812	-2.4771764	-6.633034	-6.713284	-6.518788	-6.8239136	-6.361841	-6.430213	-6.5786014	-6.577673	-6.4540668	-6.733433	-6.5165067	-6.4912434	-6.2662497	-6.550871	-6.513923	-6.613173	-6.4065413	-6.510294	-0.7097756	-1.2463552	-6.710233	-6.571812	-6.4089384	-6.509443	-6.9715567
0.48651767	10.161092	-0.60758245	-2.7125247	-3.1197927	-3.0143166	-1.9547313	-0.66820294	-0.14300837	-1.1836699	-6.465251	-6.5425353	-6.173766	-2.0543423	0.4540237	-0.018094392	-6.2266016	-6.4703426	-6.4940906	-6.2883873	-6.220037	-2.4349399	-6.411537	-6.5119624	-6.348476	-6.622939	-6.209153	-6.2227516	-6.427426	-6.3422613	-6.281425	-6.544514	-6.346265	-6.295808	-6.059806	-6.3428626	-6.2887697	-6.490598	-6.2234044	-6.307658	-0.75187856	-1.3685671	-6.522326	-6.3776855	-6.2123604	-6.3249054	-6.790064
0.39702868	10.125046	-0.6123962	-2.7793639	-3.1379323	-3.0233335	-1.9526474	-0.66790295	-0.30931816	-1.1559409	-6.5685596	-6.669995	-6.283661	-2.1003237	0.61851084	0.25012624	-6.336186	-6.544312	-6.623446	-6.334259	-6.2942543	-2.3994641	-6.527162	-6.594757	-6.450737	-6.7050657	-6.2518444	-6.2982845	-6.4592495	-6.410657	-6.4058466	-6.566116	-6.39079	-6.3843517	-6.149671	-6.4581437	-6.4530773	-6.6102304	-6.3318315	-6.406772	-0.8995222	-1.3977543	-6.6197176	-6.4675837	-6.2740326	-6.418963	-6.869223
0.242068	10.086437	-0.48961225	-2.5808165	-2.8851879	-2.893842	-1.828653	-0.90702623	-0.5617089	-1.1251472	-6.047696	-6.215831	-5.7955246	-2.05622	1.1563662	-0.20555256	-5.882823	-6.1157093	-6.149978	-5.907037	-5.8046365	-2.3848932	-6.018081	-6.1749125	-5.9704037	-6.260516	-5.8511596	-5.839729	-6.0942936	-5.9696245	-5.966744	-6.1445713	-5.929908	-5.945681	-5.7035146	-6.0032954	-5.973173	-6.133619	-5.8786654	-5.927715	-0.7473347	-1.312581	-6.141975	-5.9802556	-5.87403	-5.9603176	-6.3477454
0.5380789	10.069049	-0.8063085	-2.703427	-3.0968506	-3.0686817	-1.8099257	-1.0090228	-0.7796909	-1.2036529	-6.3405013	-6.533774	-6.061924	-1.9665352	0.6425194	0.7208135	-6.1851087	-6.4200377	-6.4187922	-6.1881213	-6.1903815	-2.3033452	-6.386442	-6.4793735	-6.293942	-6.5584574	-6.168517	-6.1077824	-6.3230486	-6.274661	-6.2892933	-6.434609	-6.2763467	-6.2502594	-6.024925	-6.2662005	-6.316214	-6.3770704	-6.231157	-6.233993	-0.8699797	-1.2880651	-6.4194107	-6.305118	-6.1356707	-6.2823763	-6.6913304
0.4590912	10.18149	-0.31215712	-2.5833514	-2.9576418	-2.8602202	-1.7995974	-0.68501276	-0.75614244	-1.5385402	-6.3185062	-6.430915	-6.06546	-2.3075106	1.1163807	0.21757428	-6.093859	-6.3404713	-6.410649	-6.1320386	-6.030911	-2.2834425	-6.2299595	-6.3648014	-6.21051	-6.452453	-6.1368103	-6.0979023	-6.2747183	-6.1835876	-6.208044	-6.2961287	-6.138165	-6.1860886	-5.8906503	-6.155834	-6.2470803	-6.3931446	-6.1043277	-6.16948	-0.8486002	-1.2893971	-6.3515196	-6.2193027	-6.060025	-6.147458	-6.5761294
0.49253565	10.168891	-0.5157985	-2.7066023	-3.0454671	-2.9313848	-1.8720261	-0.6222788	-0.7858302	-1.5526848	-6.5583115	-6.667079	-6.296028	-2.2895732	1.2296864	0.4204538	-6.357138	-6.546796	-6.6263337	-6.3230357	-6.249422	-2.2881458	-6.450921	-6.590098	-6.440589	-6.670462	-6.3183746	-6.3023148	-6.498749	-6.423258	-6.4302387	-6.5071397	-6.338345	-6.399449	-6.1631503	-6.4209504	-6.484971	-6.6154056	-6.3188004	-6.385808	-0.85732627	-1.2713871	-6.6314287	-6.472578	-6.25706	-6.37744	-6.8156743
0.38082314	10.219037	-0.86261946	-2.779598	-3.2191675	-3.1039386	-2.0501142	-0.5372164	0.10669601	-1.1323744	-6.592989	-6.7019553	-6.278597	-2.0444503	0.36549935	0.22790599	-6.3989115	-6.5812798	-6.618171	-6.3866057	-6.3653407	-2.620392	-6.5097284	-6.6143947	-6.452362	-6.7262797	-6.301457	-6.329847	-6.5211906	-6.499802	-6.3784075	-6.659635	-6.4832187	-6.455056	-6.1802344	-6.5236983	-6.4175515	-6.6207576	-6.355248	-6.47933	-0.84305394	-1.4963734	-6.6595345	-6.471203	-6.3354588	-6.420993	-6.9153724
1.6365384	9.680766	-0.6464752	-2.6994348	-3.0825155	-2.9425557	-1.8792559	-0.84582686	-0.8676259	-1.167589	-6.573004	-6.7496986	-6.4475965	-2.2394571	1.5483029	0.025761327	-6.394978	-6.769881	-6.7445064	-6.31101	-6.3250165	-2.09324	-6.6264315	-6.660343	-6.5832696	-6.769069	-6.4095883	-6.352618	-6.661256	-6.4630837	-6.4681387	-6.616477	-6.450405	-6.4657345	-6.2849917	-6.392606	-6.5457115	-6.7140365	-6.411488	-6.3694563	-1.0336698	-1.6782014	-6.8118334	-6.614334	-6.3606863	-6.466256	-6.9090867
0.11618848	10.109971	-0.27928424	-2.5616474	-2.826115	-2.9040895	-1.8402979	-0.92170036	-0.37950858	-1.2825357	-6.04188	-6.0971904	-5.7779436	-2.1215053	0.77791	-0.13378929	-5.78546	-6.0527787	-6.10386	-5.8723474	-5.771842	-2.3136888	-5.960491	-6.108442	-5.911534	-6.1614456	-5.803394	-5.808922	-6.025347	-5.9216223	-5.890168	-6.0855503	-5.9086065	-5.881619	-5.588379	-5.9225173	-5.8870096	-6.088207	-5.8216605	-5.8980036	-0.6579304	-1.1810986	-6.0525723	-5.925456	-5.8322077	-5.901846	-6.345435
0.7489204	10.059514	-0.66653	-2.6501539	-3.110625	-2.9528372	-1.8585225	-0.49264592	-0.5547466	-1.2324215	-6.5010786	-6.6148753	-6.194851	-2.1076026	0.62103456	0.030284753	-6.266548	-6.480129	-6.517304	-6.301841	-6.2276053	-2.3098953	-6.447625	-6.5457273	-6.3880696	-6.6447835	-6.2208047	-6.194484	-6.407334	-6.3521414	-6.336468	-6.520621	-6.327633	-6.372361	-6.098216	-6.3614707	-6.4052987	-6.5334315	-6.2878485	-6.323345	-0.8030765	-1.3584982	-6.4835057	-6.4151936	-6.1922855	-6.3610806	-6.777829
1.177967	9.780826	-0.95880646	-2.81058	-3.2048573	-3.0281253	-2.011934	-0.6271676	-0.79250973	-1.2069328	-6.8982096	-7.17646	-6.8078117	-2.1232533	1.9031018	0.458363	-6.815527	-7.0516744	-7.046095	-6.668506	-6.679321	-2.1444175	-6.96804	-6.9790483	-6.897749	-7.101156	-6.7110023	-6.7257433	-6.944257	-6.820012	-6.84608	-6.8774385	-6.7248845	-6.8548803	-6.598262	-6.800476	-6.9574275	-7.070854	-6.7483106	-6.7581105	-1.1602674	-1.8431097	-7.1510572	-6.965667	-6.6725492	-6.8035483	-7.251504
1.2944918	9.836852	-1.0581686	-2.8994067	-3.2542644	-3.0785189	-2.0290074	-0.64783865	-0.90116715	-1.3317732	-6.9123306	-7.1388197	-6.8223352	-2.0890067	1.6834464	0.8436175	-6.8247347	-7.0638013	-7.0495696	-6.6657057	-6.6705914	-2.128405	-6.974122	-6.9832573	-6.876765	-7.0736866	-6.7204103	-6.700425	-6.9293604	-6.82591	-6.8411174	-6.870904	-6.722221	-6.8491483	-6.5864835	-6.7791505	-6.9627643	-7.072287	-6.752503	-6.732183	-1.1701057	-1.7940849	-7.1618156	-6.948056	-6.688118	-6.787491	-7.249085
1.2466016	9.806418	-1.0775913	-2.896403	-3.2595754	-3.051561	-2.0345201	-0.6076594	-0.85336125	-1.2961483	-6.912476	-7.1654797	-6.833576	-2.0863905	1.8852072	0.77197945	-6.8527346	-7.0556617	-7.0565753	-6.67568	-6.6906095	-2.226705	-6.9755845	-6.984544	-6.903922	-7.0930805	-6.7312493	-6.719783	-6.94907	-6.8158016	-6.8518896	-6.872847	-6.7266536	-6.87894	-6.605381	-6.7897544	-6.9700274	-7.074945	-6.7528067	-6.7587905	-1.2115927	-1.8916899	-7.1671486	-6.9734917	-6.680807	-6.808886	-7.258751
0.42644882	10.110993	-0.7395684	-2.7446916	-3.055095	-3.0603478	-1.8887343	-0.81810635	-0.534101	-1.2066638	-6.4114537	-6.5332403	-6.1263103	-2.012282	0.5224009	0.38139188	-6.218145	-6.433182	-6.4553556	-6.222559	-6.1639824	-2.2972429	-6.3922753	-6.482517	-6.319387	-6.58579	-6.157473	-6.1751375	-6.386493	-6.30708	-6.271255	-6.486382	-6.272195	-6.2739644	-6.0357122	-6.3200293	-6.3314924	-6.438888	-6.2008166	-6.29564	-0.7178322	-1.2261436	-6.4712276	-6.338786	-6.1941147	-6.302953	-6.7446585
-0.1039256	10.008716	-0.5640164	-2.5622816	-2.8161452	-2.8282192	-1.7530433	-0.90634334	-0.9718062	-1.2818804	-5.965669	-6.166668	-5.713278	-2.0354514	2.0496006	0.17436422	-5.763685	-6.019535	-6.094266	-5.837677	-5.783803	-2.3702843	-5.9202166	-6.1212487	-5.895454	-6.1595807	-5.7471094	-5.745022	-5.9810863	-5.8247037	-5.9253917	-5.9929957	-5.8616686	-5.8590426	-5.624017	-5.890311	-5.9262257	-6.0462747	-5.8079257	-5.831893	-0.83184093	-1.3953117	-6.0181947	-5.931703	-5.731635	-5.865241	-6.2247453
0.82639647	10.103335	-0.8243669	-2.8880966	-3.306373	-3.1078715	-1.9524465	-0.65137166	-0.37757882	-1.2465016	-6.767491	-6.8859777	-6.5456553	-2.0332568	0.35895088	0.5906989	-6.5498524	-6.772514	-6.802326	-6.542822	-6.511407	-2.3262787	-6.7172256	-6.7993746	-6.6548147	-6.9328284	-6.4933705	-6.5365906	-6.695873	-6.6287208	-6.6012354	-6.7974095	-6.6012635	-6.6355357	-6.4154024	-6.643515	-6.6616473	-6.784839	-6.537561	-6.636381	-0.8983613	-1.462159	-6.861466	-6.6876335	-6.501523	-6.654367	-7.0830436
0.0073086843	9.789258	-0.35953605	-2.5065117	-2.9680073	-2.6360347	-1.9780643	-0.44190648	0.55616313	-1.1725706	-6.355706	-6.400252	-6.0168715	-2.1678958	0.49723947	-0.6659268	-6.092513	-6.372545	-6.375972	-6.173288	-6.073096	-2.454696	-6.2933297	-6.3533325	-6.19124	-6.461873	-5.958609	-6.0742893	-6.276927	-6.2690296	-6.1596313	-6.3811374	-6.2696214	-6.2354016	-5.9957457	-6.2854977	-6.143777	-6.416096	-6.119025	-6.2597985	-0.73395663	-1.1664245	-6.4279165	-6.2084465	-6.0615797	-6.1961975	-6.6453795
0.16129667	10.174618	-0.68420863	-2.7208774	-3.1104722	-2.9927857	-1.9315873	-0.643619	-0.38110307	-1.296104	-6.3081956	-6.443882	-6.091445	-1.9552282	0.7916503	0.27627316	-6.11438	-6.377369	-6.424799	-6.1790786	-6.1324306	-2.4045637	-6.2824135	-6.4309597	-6.206109	-6.491557	-6.059444	-6.1133423	-6.2806973	-6.2263083	-6.2187214	-6.3597536	-6.205356	-6.250929	-5.9587955	-6.2356	-6.2138743	-6.4054193	-6.134429	-6.225254	-0.8589975	-1.4729537	-6.404913	-6.236691	-6.0724897	-6.2228007	-6.6307926
0.015922349	10.100534	-0.71117526	-2.6602113	-2.9720213	-2.891981	-1.9752029	-0.56643385	-0.52741194	-1.3582718	-6.2608128	-6.390387	-5.979308	-2.0312986	1.0956076	0.07282489	-6.073364	-6.3032093	-6.395966	-6.067534	-5.985603	-2.3023875	-6.2418833	-6.3627872	-6.164155	-6.436077	-5.976712	-6.035292	-6.251237	-6.1848164	-6.144292	-6.3484125	-6.145538	-6.194382	-5.902248	-6.1896086	-6.2095346	-6.3501415	-6.0571513	-6.1657476	-0.66103655	-1.2402965	-6.4142294	-6.2012024	-6.034547	-6.125414	-6.6025395
0.0901905	10.2325	-0.71471685	-2.7328508	-3.0152073	-3.0530632	-1.883149	-0.7952177	-0.65918833	-1.5280975	-6.228924	-6.3522053	-5.9236593	-2.093374	1.0576264	0.6389719	-6.043741	-6.2575316	-6.313	-6.0246067	-5.9923673	-2.3473804	-6.158588	-6.3269672	-6.1405168	-6.394596	-6.0164104	-5.998234	-6.2062736	-6.150649	-6.1251807	-6.276077	-6.1236825	-6.126744	-5.8037863	-6.0960097	-6.1881537	-6.307576	-6.0316434	-6.1188436	-0.7790699	-1.2616197	-6.3124084	-6.1720233	-6.0204153	-6.090458	-6.5430307
0.09209418	10.0887985	-0.48030648	-2.6086743	-2.9283025	-2.9042227	-1.9729315	-0.70031315	-0.22229537	-1.10204	-6.1740465	-6.281437	-5.898943	-2.0716639	1.0244136	-0.40370512	-5.944233	-6.208329	-6.2490964	-6.005703	-5.900266	-2.3883793	-6.1031284	-6.262818	-6.0551267	-6.346838	-5.927413	-5.9688344	-6.207566	-6.0840087	-6.0584884	-6.2546825	-6.0514483	-6.0494423	-5.747402	-6.093834	-6.0150285	-6.2557116	-5.953523	-6.040457	-0.68077165	-1.2786447	-6.269032	-6.0878386	-5.975478	-6.0231314	-6.482718
0.06840974	9.966536	-0.5279562	-2.6341891	-2.8591778	-2.8917773	-1.9496819	-0.8028746	-0.68085676	-1.0025742	-6.116744	-6.295616	-5.883729	-2.0561764	1.6205865	-0.3205307	-5.921374	-6.193094	-6.230788	-5.9579277	-5.8743362	-2.2435331	-6.093315	-6.2549477	-6.0783587	-6.3103113	-5.907087	-5.9251204	-6.209278	-6.036865	-6.049025	-6.204832	-6.006821	-6.0182915	-5.7189016	-6.0483513	-6.0259056	-6.2407374	-5.944387	-5.9764915	-0.6529458	-1.3113563	-6.2544637	-6.0951242	-5.9385834	-5.983959	-6.4554625
0.12208396	10.146591	-0.7582222	-2.7098086	-3.0653307	-3.0274842	-1.9217547	-0.7885881	-0.41930607	-1.2165666	-6.245412	-6.4095306	-5.978284	-1.915648	0.78706837	0.2804968	-6.0699973	-6.3213077	-6.3298235	-6.118666	-6.0584364	-2.3838203	-6.242701	-6.3845353	-6.1847134	-6.44637	-6.025205	-6.047722	-6.281193	-6.1864347	-6.1652207	-6.358649	-6.1739736	-6.1843157	-5.898922	-6.168573	-6.1692843	-6.294794	-6.105782	-6.1447425	-0.7620344	-1.3590566	-6.3535757	-6.2234454	-6.0460243	-6.1594777	-6.615829
0.30606917	10.138085	-0.73638433	-2.7379048	-3.0641532	-3.0335553	-1.94841	-0.73327965	-0.60227996	-1.2550879	-6.2443204	-6.4336977	-6.011483	-2.0525744	1.441542	0.13785668	-6.0540705	-6.3340816	-6.3663282	-6.087531	-6.071744	-2.372051	-6.218618	-6.393343	-6.203975	-6.4613395	-6.045758	-6.0504045	-6.293713	-6.1525755	-6.1723676	-6.327921	-6.132969	-6.1650786	-5.9025993	-6.1884336	-6.1596966	-6.3538723	-6.082368	-6.10072	-0.91080034	-1.484264	-6.336489	-6.211799	-6.0462065	-6.147803	-6.5605354
0.4748057	10.172667	-0.82470864	-2.6775389	-3.0622652	-3.1063597	-1.9296434	-0.68917555	-0.4936265	-1.183794	-6.2249646	-6.3337097	-5.955162	-1.8678657	0.47284475	0.26168123	-6.065424	-6.297589	-6.2397423	-6.1044674	-5.989295	-2.2740786	-6.1786823	-6.326047	-6.123092	-6.4346256	-6.055569	-6.004076	-6.260596	-6.1420593	-6.1253934	-6.3505783	-6.124359	-6.107648	-5.843743	-6.124708	-6.129781	-6.2975516	-6.041579	-6.1329517	-0.78145534	-1.2928271	-6.300561	-6.128416	-6.0368977	-6.080855	-6.5703263
0.5260098	10.155328	-0.7169941	-2.6341538	-3.021211	-3.0669475	-1.8965825	-0.72476465	-0.5304372	-1.1800181	-6.2052507	-6.3186183	-5.938361	-1.9033512	0.50729007	0.12903279	-6.0433955	-6.276134	-6.229941	-6.0790343	-5.960789	-2.2543716	-6.163112	-6.2988524	-6.1092854	-6.414589	-6.032176	-5.988096	-6.2245784	-6.1241217	-6.099343	-6.3187056	-6.0924	-6.079435	-5.8247685	-6.1098633	-6.1116414	-6.284245	-6.0117297	-6.114434	-0.75863945	-1.2587477	-6.2709165	-6.105854	-6.0183144	-6.0739527	-6.543286
0.33258113	10.180345	-0.71804094	-2.6316972	-2.974195	-3.066118	-1.9064908	-0.75922585	-0.42819622	-1.2745254	-6.0968304	-6.1895504	-5.813285	-1.8812191	0.44796857	0.1827285	-5.9323883	-6.1652684	-6.107174	-5.9856877	-5.851338	-2.3051856	-6.039004	-6.214461	-5.9820695	-6.30483	-5.9295545	-5.888648	-6.129851	-6.024099	-5.998615	-6.2269063	-6.001947	-5.9787006	-5.70535	-5.992792	-5.991418	-6.1569786	-5.924136	-5.991109	-0.6714567	-1.1909659	-6.160123	-5.984811	-5.919427	-5.9538655	-6.429463
0.18750405	10.12116	-0.6283391	-2.7028663	-2.9835474	-3.015875	-1.8822167	-0.8555795	-0.44662002	-1.1096181	-6.120429	-6.2300487	-5.8505335	-1.9696051	0.6458891	0.087204985	-5.921523	-6.1505213	-6.164558	-5.977289	-5.8593163	-2.3170063	-6.0606265	-6.2196593	-6.0207863	-6.309691	-5.887814	-5.878109	-6.1191335	-6.0296955	-6.011232	-6.219755	-6.0039854	-6.0009584	-5.740253	-6.045052	-6.0151367	-6.1670513	-5.940604	-5.990662	-0.68379086	-1.1945332	-6.175201	-6.0360622	-5.9219484	-6.019914	-6.428246
0.54299533	10.132182	-0.9350215	-2.8064876	-3.2528236	-3.1138914	-1.9725858	-0.55537903	-0.27148026	-1.1253177	-6.5979543	-6.732987	-6.297517	-1.9051623	0.16429143	0.40740567	-6.406599	-6.644896	-6.5988307	-6.4350677	-6.372576	-2.334466	-6.580547	-6.675855	-6.488219	-6.7654357	-6.3930416	-6.3497486	-6.573755	-6.5183563	-6.4806814	-6.6683006	-6.460814	-6.473258	-6.229554	-6.499967	-6.488677	-6.596415	-6.385512	-6.4290357	-0.714659	-1.2651995	-6.6505113	-6.513985	-6.378254	-6.464681	-6.9064727
0.55264825	10.152467	-0.844653	-2.7672083	-3.1815162	-3.101845	-1.9562474	-0.5804916	-0.3492426	-1.1237911	-6.4894214	-6.6162267	-6.1977186	-1.9264473	0.26843014	0.24873663	-6.3218975	-6.53858	-6.514148	-6.348419	-6.257376	-2.3128138	-6.471606	-6.5781684	-6.39383	-6.6816607	-6.2970243	-6.2431226	-6.4925995	-6.414756	-6.386315	-6.5890136	-6.363986	-6.358818	-6.1233163	-6.3902836	-6.3879113	-6.5214767	-6.2953625	-6.329632	-0.70074207	-1.2566859	-6.546838	-6.4085197	-6.2891483	-6.364546	-6.812341
